,Seq,m_Seq,Per,u_Per,Type,__Bmag_,u__Bmag_,__Vmag_,u__Vmag_,__Imag_,u__Imag_,FileName,SimbadName,_RA,_DE,Bmag,Vmag,RAJ2000,DEJ2000,distance
345,b'117',b' ',0.600535,b' ',b'RRab',15.913,b' ',15.592,b' ',15.042,b' ',b'v117',b'Cl* NGC 5272 SAW V117',205.57744583333331,28.248466666666662,15.913,15.592,205.57744583333331,28.248466666666662,7.922461707606999
108,b'117',b' ',0.600535,b' ',b'RRab',15.913,b' ',15.592,b' ',15.042,b' ',b'v117',b'Cl* NGC 5272 SAW V117',205.57744583333331,28.248466666666662,15.913,15.592,205.57744583333331,28.248466666666662,7.922461707606999
255,b' 19',b' ',0.6319774,b' ',b'RRab',16.093,b' ',15.681,b' ',15.145,b' ',b'v019',b'Cl* NGC 5272 SAW V 19',205.6591333333333,28.310477777777773,16.093,15.681,205.6591333333333,28.310477777777773,7.758457988785624
18,b' 19',b' ',0.6319774,b' ',b'RRab',16.093,b' ',15.681,b' ',15.145,b' ',b'v019',b'Cl* NGC 5272 SAW V 19',205.6591333333333,28.310477777777773,16.093,15.681,205.6591333333333,28.310477777777773,7.758457988785624
253,b' 17',b' ',0.5761594,b' ',b'RRab',16.02,b' ',15.68,b' ',15.127,b' ',b'v017',b'Cl* NGC 5272 SAW V 17',205.59341666666663,28.256305555555553,16.02,15.68,205.59341666666663,28.256305555555553,7.744219866267946
16,b' 17',b' ',0.5761594,b' ',b'RRab',16.02,b' ',15.68,b' ',15.127,b' ',b'v017',b'Cl* NGC 5272 SAW V 17',205.59341666666663,28.256305555555553,16.02,15.68,205.59341666666663,28.256305555555553,7.744219866267946
256,b' 20',b' ',0.4912636,b' ',b'RRab',15.988,b' ',15.656,b' ',15.215,b' ',b'v020',b'Cl* NGC 5272 SAW V 20',205.65377499999997,28.30324444444444,15.988,15.656,205.65377499999997,28.30324444444444,7.726112695727742
19,b' 20',b' ',0.4912636,b' ',b'RRab',15.988,b' ',15.656,b' ',15.215,b' ',b'v020',b'Cl* NGC 5272 SAW V 20',205.65377499999997,28.30324444444444,15.988,15.656,205.65377499999997,28.30324444444444,7.726112695727742
296,b' 60',b' ',0.707728,b' ',b'RRab',15.936,b' ',15.506,b' ',,b' ',b'v060',b'Cl* NGC 5272 SAW V 60',205.45473749999996,28.29042222222222,15.936,15.506,205.45473749999996,28.29042222222222,7.6648476583886165
59,b' 60',b' ',0.707728,b' ',b'RRab',15.936,b' ',15.506,b' ',,b' ',b'v060',b'Cl* NGC 5272 SAW V 60',205.45473749999996,28.29042222222222,15.936,15.506,205.45473749999996,28.29042222222222,7.6648476583886165
413,b'202',b' ',0.773571,b' ',b'RRab',15.959,b' ',15.558,b' ',14.977,b':',b'v202',b'Cl* NGC 5272 SAW V202',205.4288333333333,28.404808333333328,15.959,15.558,205.4288333333333,28.404808333333328,7.362659746044852
176,b'202',b' ',0.773571,b' ',b'RRab',15.959,b' ',15.558,b' ',14.977,b':',b'v202',b'Cl* NGC 5272 SAW V202',205.4288333333333,28.404808333333328,15.959,15.558,205.4288333333333,28.404808333333328,7.362659746044852
298,b' 62',b' ',0.6524099,b' ',b'RRab',16.027,b' ',15.643,b' ',15.085,b' ',b'v062',b'Cl* NGC 5272 SAW V 62',205.5762708333333,28.49424444444444,16.027,15.643,205.5762708333333,28.49424444444444,7.214304490358047
61,b' 62',b' ',0.6524099,b' ',b'RRab',16.027,b' ',15.643,b' ',15.085,b' ',b'v062',b'Cl* NGC 5272 SAW V 62',205.5762708333333,28.49424444444444,16.027,15.643,205.5762708333333,28.49424444444444,7.214304490358047
60,b' 61',b' ',0.5209053,b' ',b'RRab',15.991,b':',15.69,b' ',15.207,b':',b'v061',b'Cl* NGC 5272 SAW V 61',205.60775416666664,28.47930833333333,15.991,15.69,205.60775416666664,28.47930833333333,7.081883903205646
297,b' 61',b' ',0.5209053,b' ',b'RRab',15.991,b':',15.69,b' ',15.207,b':',b'v061',b'Cl* NGC 5272 SAW V 61',205.60775416666664,28.47930833333333,15.991,15.69,205.60775416666664,28.47930833333333,7.081883903205646
320,b' 85',b' ',0.3558191,b' ',b'RRc',15.754,b' ',15.574,b' ',15.176,b' ',b'v085',b'Cl* NGC 5272 SAW V 85',205.64469166666663,28.441391666666664,15.754,15.574,205.64469166666663,28.441391666666664,6.940237755723678
83,b' 85',b' ',0.3558191,b' ',b'RRc',15.754,b' ',15.574,b' ',15.176,b' ',b'v085',b'Cl* NGC 5272 SAW V 85',205.64469166666663,28.441391666666664,15.754,15.574,205.64469166666663,28.441391666666664,6.940237755723678
348,b'120',b' ',0.64014,b' ',b'RRab',16.007,b' ',15.628,b' ',15.09,b' ',b'v120',b'Cl* NGC 5272 SAW V120',205.45441666666665,28.44223055555555,16.007,15.628,205.45441666666665,28.44223055555555,6.855466473342665
111,b'120',b' ',0.64014,b' ',b'RRab',16.007,b' ',15.628,b' ',15.09,b' ',b'v120',b'Cl* NGC 5272 SAW V120',205.45441666666665,28.44223055555555,16.007,15.628,205.45441666666665,28.44223055555555,6.855466473342665
326,b' 92',b' ',0.5035471,b' ',b'RRab',15.949,b' ',15.672,b' ',15.201,b' ',b'v092',b'Cl* NGC 5272 SAW V 92',205.53949999999998,28.26461666666666,15.949,15.672,205.53949999999998,28.26461666666666,6.780755470152673
89,b' 92',b' ',0.5035471,b' ',b'RRab',15.949,b' ',15.672,b' ',15.201,b' ',b'v092',b'Cl* NGC 5272 SAW V 92',205.53949999999998,28.26461666666666,15.949,15.672,205.53949999999998,28.26461666666666,6.780755470152673
339,b'108',b' ',0.51961,b' ',b'RRab',16.0,b' ',15.708,b' ',15.241,b' ',b'v108',b'Cl* NGC 5272 SAW V108',205.47857499999998,28.464466666666663,16.0,15.708,205.47857499999998,28.464466666666663,6.702782386144632
102,b'108',b' ',0.51961,b' ',b'RRab',16.0,b' ',15.708,b' ',15.241,b' ',b'v108',b'Cl* NGC 5272 SAW V108',205.47857499999998,28.464466666666663,16.0,15.708,205.47857499999998,28.464466666666663,6.702782386144632
54,b' 55',b' ',0.5298207,b' ',b'RRab',15.976,b' ',15.673,b' ',,b' ',b'v055',b'Cl* NGC 5272 SAW V 55',205.4836458333333,28.468247222222217,15.976,15.673,205.4836458333333,28.468247222222217,6.700352300908714
291,b' 55',b' ',0.5298207,b' ',b'RRab',15.976,b' ',15.673,b' ',,b' ',b'v055',b'Cl* NGC 5272 SAW V 55',205.4836458333333,28.468247222222217,15.976,15.673,205.4836458333333,28.468247222222217,6.700352300908714
292,b' 56',b' ',0.3296,b' ',b'RRc',15.866,b' ',15.642,b' ',15.253,b' ',b'v056',b'Cl* NGC 5272 SAW V 56',205.5031083333333,28.47766944444444,15.866,15.642,205.5031083333333,28.47766944444444,6.608565594523548
55,b' 56',b' ',0.3296,b' ',b'RRc',15.866,b' ',15.642,b' ',15.253,b' ',b'v056',b'Cl* NGC 5272 SAW V 56',205.5031083333333,28.47766944444444,15.866,15.642,205.5031083333333,28.47766944444444,6.608565594523548
257,b' 21',b' ',0.515758,b' ',b'RRab',16.012,b' ',15.69,b' ',,b' ',b'v021',b'Cl* NGC 5272 SAW V 21',205.65779999999998,28.383752777777776,16.012,15.69,205.65779999999998,28.383752777777776,6.574531356207819
20,b' 21',b' ',0.515758,b' ',b'RRab',16.012,b' ',15.69,b' ',,b' ',b'v021',b'Cl* NGC 5272 SAW V 21',205.65779999999998,28.383752777777776,16.012,15.69,205.65779999999998,28.383752777777776,6.574531356207819
245,b'  9',b' ',0.5415553,b' ',b'RRab',15.957,b' ',15.645,b' ',15.217,b' ',b'v009',b'Cl* NGC 5272 SAW V  9',205.45661666666663,28.320252777777775,15.957,15.645,205.45661666666663,28.320252777777775,6.484131882820006
8,b'  9',b' ',0.5415553,b' ',b'RRab',15.957,b' ',15.645,b' ',15.217,b' ',b'v009',b'Cl* NGC 5272 SAW V  9',205.45661666666663,28.320252777777775,15.957,15.645,205.45661666666663,28.320252777777775,6.484131882820006
301,b' 65',b' ',0.6683474,b' ',b'RRab',15.875,b' ',15.497,b' ',14.991,b' ',b'v065',b'Cl* NGC 5272 SAW V 65',205.58751666666663,28.469449999999995,15.875,15.497,205.58751666666663,28.469449999999995,6.007412639896299
64,b' 65',b' ',0.6683474,b' ',b'RRab',15.875,b' ',15.497,b' ',14.991,b' ',b'v065',b'Cl* NGC 5272 SAW V 65',205.58751666666663,28.469449999999995,15.875,15.497,205.58751666666663,28.469449999999995,6.007412639896299
300,b' 64',b' ',0.6054588,b' ',b'RRab',16.045,b' ',15.672,b' ',15.156,b':',b'v064',b'Cl* NGC 5272 SAW V 64',205.58414166666665,28.47009166666666,16.045,15.672,205.58414166666665,28.47009166666666,5.967175897021359
63,b' 64',b' ',0.6054588,b' ',b'RRab',16.045,b' ',15.672,b' ',15.156,b':',b'v064',b'Cl* NGC 5272 SAW V 64',205.58414166666665,28.47009166666666,16.045,15.672,205.58414166666665,28.47009166666666,5.967175897021359
315,b' 79',b' ',0.3580727,b' ',b'RRd',15.988,b' ',15.742,b' ',15.266,b' ',b'v079',b'Cl* NGC 5272 SAW V 79',205.56163749999996,28.475411111111107,15.988,15.742,205.56163749999996,28.475411111111107,5.94124587716567
78,b' 79',b' ',0.3580727,b' ',b'RRd',15.988,b' ',15.742,b' ',15.266,b' ',b'v079',b'Cl* NGC 5272 SAW V 79',205.56163749999996,28.475411111111107,15.988,15.742,205.56163749999996,28.475411111111107,5.94124587716567
15,b' 16',b' ',0.5114943,b' ',b'RRab',16.02,b' ',15.701,b' ',15.288,b' ',b'v016',b'Cl* NGC 5272 SAW V 16',205.45331249999998,28.352263888888885,16.02,15.701,205.45331249999998,28.352263888888885,5.90027060251985
252,b' 16',b' ',0.5114943,b' ',b'RRab',16.02,b' ',15.701,b' ',15.288,b' ',b'v016',b'Cl* NGC 5272 SAW V 16',205.45331249999998,28.352263888888885,16.02,15.701,205.45331249999998,28.352263888888885,5.90027060251985
338,b'107',b' ',0.3090378,b' ',b'RRc',15.89,b' ',15.674,b' ',15.293,b' ',b'v107',b'Cl* NGC 5272 SAW V107',205.5238458333333,28.47125555555555,15.89,15.674,205.5238458333333,28.47125555555555,5.828240144298745
101,b'107',b' ',0.3090378,b' ',b'RRc',15.89,b' ',15.674,b' ',15.293,b' ',b'v107',b'Cl* NGC 5272 SAW V107',205.5238458333333,28.47125555555555,15.89,15.674,205.5238458333333,28.47125555555555,5.828240144298745
62,b' 63',b' ',0.5704004,b' ',b'RRab',16.052,b' ',15.67,b' ',15.163,b' ',b'v063',b'Cl* NGC 5272 SAW V 63',205.55965833333332,28.473313888888885,16.052,15.67,205.55965833333332,28.473313888888885,5.801560713328852
299,b' 63',b' ',0.5704004,b' ',b'RRab',16.052,b' ',15.67,b' ',15.163,b' ',b'v063',b'Cl* NGC 5272 SAW V 63',205.55965833333332,28.473313888888885,16.052,15.67,205.55965833333332,28.473313888888885,5.801560713328852
109,b'118',b' ',0.4993905,b' ',b'RRab',15.987,b' ',15.672,b' ',,b' ',b'v118',b'Cl* NGC 5272 SAW V118',205.5941333333333,28.297338888888884,15.987,15.672,205.5941333333333,28.297338888888884,5.525272321835003
346,b'118',b' ',0.4993905,b' ',b'RRab',15.987,b' ',15.672,b' ',,b' ',b'v118',b'Cl* NGC 5272 SAW V118',205.5941333333333,28.297338888888884,15.987,15.672,205.5941333333333,28.297338888888884,5.525272321835003
276,b' 40',b' ',0.5515394,b' ',b'RRab',16.038,b' ',15.672,b' ',15.218,b' ',b'v040',b'Cl* NGC 5272 SAW V 40',205.46256249999996,28.409152777777773,16.038,15.672,205.46256249999996,28.409152777777773,5.4947974681786595
39,b' 40',b' ',0.5515394,b' ',b'RRab',16.038,b' ',15.672,b' ',15.218,b' ',b'v040',b'Cl* NGC 5272 SAW V 40',205.46256249999996,28.409152777777773,16.038,15.672,205.46256249999996,28.409152777777773,5.4947974681786595
36,b' 37',b' ',0.3266378,b' ',b'RRc',15.903,b' ',15.679,b' ',15.302,b' ',b'v037',b'Cl* NGC 5272 SAW V 37',205.47349166666663,28.423391666666664,15.903,15.679,205.47349166666663,28.423391666666664,5.27871059502408
273,b' 37',b' ',0.3266378,b' ',b'RRc',15.903,b' ',15.679,b' ',15.302,b' ',b'v037',b'Cl* NGC 5272 SAW V 37',205.47349166666663,28.423391666666664,15.903,15.679,205.47349166666663,28.423391666666664,5.27871059502408
17,b' 18',b' ',0.5164527,b' ',b'RRab',16.068,b':',15.698,b' ',15.231,b':',b'v018',b'Cl* NGC 5272 SAW V 18',205.5792833333333,28.296463888888884,16.068,15.698,205.5792833333333,28.296463888888884,5.190451261734461
254,b' 18',b' ',0.5164527,b' ',b'RRab',16.068,b':',15.698,b' ',15.231,b':',b'v018',b'Cl* NGC 5272 SAW V 18',205.5792833333333,28.296463888888884,16.068,15.698,205.5792833333333,28.296463888888884,5.190451261734461
22,b' 23',b' ',0.5953834,b' ',b'RRab',15.884,b' ',15.639,b' ',14.677,b' ',b'v023',b'Cl* NGC 5272 SAW V 23',205.51219999999998,28.455663888888886,15.884,15.639,205.51219999999998,28.455663888888886,5.180923742002893
259,b' 23',b' ',0.5953834,b' ',b'RRab',15.884,b' ',15.639,b' ',14.677,b' ',b'v023',b'Cl* NGC 5272 SAW V 23',205.51219999999998,28.455663888888886,15.884,15.639,205.51219999999998,28.455663888888886,5.180923742002893
177,b'203',b' ',0.289794,b' ',b'RRc',15.855,b' ',15.592,b' ',15.252,b' ',b'v203',b'Cl* NGC 5272 SAW V203',205.53971666666664,28.291736111111106,15.855,15.592,205.53971666666664,28.291736111111106,5.158926192576244
414,b'203',b' ',0.289794,b' ',b'RRc',15.855,b' ',15.592,b' ',15.252,b' ',b'v203',b'Cl* NGC 5272 SAW V203',205.53971666666664,28.291736111111106,15.855,15.592,205.53971666666664,28.291736111111106,5.158926192576244
110,b'119',b' ',0.51769,b' ',b'RRab',15.966,b':',15.67,b' ',15.182,b':',b'v119',b'Cl* NGC 5272 SAW V119',205.62849999999997,28.408111111111108,15.966,15.67,205.62849999999997,28.408111111111108,5.148891343816365
347,b'119',b' ',0.51769,b' ',b'RRab',15.966,b':',15.67,b' ',15.182,b':',b'v119',b'Cl* NGC 5272 SAW V119',205.62849999999997,28.408111111111108,15.966,15.67,205.62849999999997,28.408111111111108,5.148891343816365
275,b' 39',b' ',0.5870758,b' ',b'RRab',16.021,b' ',15.668,b' ',15.206,b' ',b'v039',b'Cl* NGC 5272 SAW V 39',205.4710958333333,28.411727777777774,16.021,15.668,205.4710958333333,28.411727777777774,5.078873039001916
38,b' 39',b' ',0.5870758,b' ',b'RRab',16.021,b' ',15.668,b' ',15.206,b' ',b'v039',b'Cl* NGC 5272 SAW V 39',205.4710958333333,28.411727777777774,16.021,15.668,205.4710958333333,28.411727777777774,5.078873039001916
44,b' 45',b' ',0.5369002,b' ',b'RRab',16.056,b' ',15.675,b' ',15.247,b' ',b'v045',b'Cl* NGC 5272 SAW V 45',205.47215416666663,28.341649999999998,16.056,15.675,205.47215416666663,28.341649999999998,5.050400109746154
281,b' 45',b' ',0.5369002,b' ',b'RRab',16.056,b' ',15.675,b' ',15.247,b' ',b'v045',b'Cl* NGC 5272 SAW V 45',205.47215416666663,28.341649999999998,16.056,15.675,205.47215416666663,28.341649999999998,5.050400109746154
271,b' 35',b' ',0.5305483,b' ',b'RRab',15.878,b' ',15.62,b' ',15.112,b':',b'v035',b'Cl* NGC 5272 SAW V 35',205.5147458333333,28.300999999999995,15.878,15.62,205.5147458333333,28.300999999999995,5.002669194391079
34,b' 35',b' ',0.5305483,b' ',b'RRab',15.878,b' ',15.62,b' ',15.112,b':',b'v035',b'Cl* NGC 5272 SAW V 35',205.5147458333333,28.300999999999995,15.878,15.62,205.5147458333333,28.300999999999995,5.002669194391079
4,b'  5',b' ',0.505703,b' ',b'RRab',15.974,b' ',15.714,b' ',15.238,b':',b'v005',b'Cl* NGC 5272 SAW V  5',205.6306708333333,28.37236944444444,15.974,15.714,205.6306708333333,28.37236944444444,4.944066155463204
241,b'  5',b' ',0.505703,b' ',b'RRab',15.974,b' ',15.714,b' ',15.238,b':',b'v005',b'Cl* NGC 5272 SAW V  5',205.6306708333333,28.37236944444444,15.974,15.714,205.6306708333333,28.37236944444444,4.944066155463204
93,b' 96',b' ',0.499415,b' ',b'RRab',15.918,b' ',15.652,b' ',,b' ',b'v096',b'Cl* NGC 5272 SAW V 96',205.49669999999998,28.313213888888885,15.918,15.652,205.49669999999998,28.313213888888885,4.939945009861549
330,b' 96',b' ',0.499415,b' ',b'RRab',15.918,b' ',15.652,b' ',,b' ',b'v096',b'Cl* NGC 5272 SAW V 96',205.49669999999998,28.313213888888885,15.918,15.652,205.49669999999998,28.313213888888885,4.939945009861549
14,b' 15',b' ',0.5300874,b' ',b'RRab',15.833,b' ',15.616,b' ',15.144,b' ',b'v015',b'Cl* NGC 5272 SAW V 15',205.51983749999997,28.30236944444444,15.833,15.616,205.51983749999997,28.30236944444444,4.810440847741545
251,b' 15',b' ',0.5300874,b' ',b'RRab',15.833,b' ',15.616,b' ',15.144,b' ',b'v015',b'Cl* NGC 5272 SAW V 15',205.51983749999997,28.30236944444444,15.833,15.616,205.51983749999997,28.30236944444444,4.810440847741545
10,b' 11',b' ',0.5078915,b' ',b'RRab',15.873,b' ',15.636,b' ',15.166,b' ',b'v011',b'Cl* NGC 5272 SAW V 11',205.5003458333333,28.319988888888886,15.873,15.636,205.5003458333333,28.319988888888886,4.487048802158652
247,b' 11',b' ',0.5078915,b' ',b'RRab',15.873,b' ',15.636,b' ',15.166,b' ',b'v011',b'Cl* NGC 5272 SAW V 11',205.5003458333333,28.319988888888886,15.873,15.636,205.5003458333333,28.319988888888886,4.487048802158652
274,b' 38',b' ',0.558011,b' ',b'RRab',16.086,b' ',15.701,b' ',15.171,b' ',b'v038',b'Cl* NGC 5272 SAW V 38',205.48381666666663,28.413599999999995,16.086,15.701,205.48381666666663,28.413599999999995,4.446657520657388
37,b' 38',b' ',0.558011,b' ',b'RRab',16.086,b' ',15.701,b' ',15.171,b' ',b'v038',b'Cl* NGC 5272 SAW V 38',205.48381666666663,28.413599999999995,16.086,15.701,205.48381666666663,28.413599999999995,4.446657520657388
295,b' 59',b' ',0.5888236,b' ',b'RRab',16.071,b' ',15.649,b' ',15.17,b' ',b'v059',b'Cl* NGC 5272 SAW V 59',205.51384166666665,28.314813888888885,16.071,15.649,205.51384166666665,28.314813888888885,4.283607030348461
58,b' 59',b' ',0.5888236,b' ',b'RRab',16.071,b' ',15.649,b' ',15.17,b' ',b'v059',b'Cl* NGC 5272 SAW V 59',205.51384166666665,28.314813888888885,16.071,15.649,205.51384166666665,28.314813888888885,4.283607030348461
352,b'125',b' ',0.3498227,b' ',b'RRc',15.959,b' ',15.73,b' ',15.22,b' ',b'v125',b'Cl* NGC 5272 SAW V125',205.60721666666663,28.34170833333333,15.959,15.73,205.60721666666663,28.34170833333333,4.123291696688971
115,b'125',b' ',0.3498227,b' ',b'RRc',15.959,b' ',15.73,b' ',15.22,b' ',b'v125',b'Cl* NGC 5272 SAW V125',205.60721666666663,28.34170833333333,15.959,15.73,205.60721666666663,28.34170833333333,4.123291696688971
331,b' 97',b' ',0.3349326,b' ',b'RRc',15.933,b' ',15.703,b' ',15.355,b' ',b'v097',b'Cl* NGC 5272 SAW V 97',205.5074208333333,28.32355833333333,15.933,15.703,205.5074208333333,28.32355833333333,4.054463690614549
94,b' 97',b' ',0.3349326,b' ',b'RRc',15.933,b' ',15.703,b' ',15.355,b' ',b'v097',b'Cl* NGC 5272 SAW V 97',205.5074208333333,28.32355833333333,15.933,15.703,205.5074208333333,28.32355833333333,4.054463690614549
332,b' 99',b' ',0.3609319,b' ',b'RRd',15.824,b':',15.59,b' ',15.096,b':',b'v099',b'Cl* NGC 5272 SAW V 99',205.61179999999996,28.363252777777774,15.824,15.59,205.61179999999996,28.363252777777774,3.8950169388281615
95,b' 99',b' ',0.3609319,b' ',b'RRd',15.824,b':',15.59,b' ',15.096,b':',b'v099',b'Cl* NGC 5272 SAW V 99',205.61179999999996,28.363252777777774,15.824,15.59,205.61179999999996,28.363252777777774,3.8950169388281615
270,b' 34',b' ',0.5591031,b' ',b'RRab',16.067,b' ',15.768,b' ',15.177,b' ',b'v034',b'Cl* NGC 5272 SAW V 34',205.5908208333333,28.425688888888885,16.067,15.768,205.5908208333333,28.425688888888885,3.8614467694033423
33,b' 34',b' ',0.5591031,b' ',b'RRab',16.067,b' ',15.768,b' ',15.177,b' ',b'v034',b'Cl* NGC 5272 SAW V 34',205.5908208333333,28.425688888888885,16.067,15.768,205.5908208333333,28.425688888888885,3.8614467694033423
49,b' 50',b' ',0.5128392,b' ',b'RRab',15.991,b' ',15.645,b' ',15.165,b' ',b'v050',b'Cl* NGC 5272 SAW V 50',205.55137499999998,28.313316666666662,15.991,15.645,205.55137499999998,28.313316666666662,3.841724575760404
286,b' 50',b' ',0.5128392,b' ',b'RRab',15.991,b' ',15.645,b' ',15.165,b' ',b'v050',b'Cl* NGC 5272 SAW V 50',205.55137499999998,28.313316666666662,15.991,15.645,205.55137499999998,28.313316666666662,3.841724575760404
50,b' 51',b' ',0.5839702,b' ',b'RRab',16.041,b' ',15.658,b' ',15.187,b':',b'v051',b'Cl* NGC 5272 SAW V 51',205.5582208333333,28.31555555555555,16.041,15.658,205.5582208333333,28.31555555555555,3.7497222909984473
287,b' 51',b' ',0.5839702,b' ',b'RRab',16.041,b' ',15.658,b' ',15.187,b':',b'v051',b'Cl* NGC 5272 SAW V 51',205.5582208333333,28.31555555555555,16.041,15.658,205.5582208333333,28.31555555555555,3.7497222909984473
9,b' 10',b' ',0.5695465,b' ',b'RRab',16.004,b' ',15.647,b' ',15.152,b' ',b'v010',b'Cl* NGC 5272 SAW V 10',205.59654999999998,28.416774999999998,16.004,15.647,205.59654999999998,28.416774999999998,3.735921071970236
246,b' 10',b' ',0.5695465,b' ',b'RRab',16.004,b' ',15.647,b' ',15.152,b' ',b'v010',b'Cl* NGC 5272 SAW V 10',205.59654999999998,28.416774999999998,16.004,15.647,205.59654999999998,28.416774999999998,3.735921071970236
280,b' 44',b' ',0.5063801,b' ',b'RRab',15.912,b' ',15.615,b' ',15.16,b' ',b'v044',b'Cl* NGC 5272 SAW V 44',205.60225416666665,28.406255555555553,15.912,15.615,205.60225416666665,28.406255555555553,3.6685007209491856
43,b' 44',b' ',0.5063801,b' ',b'RRab',15.912,b' ',15.615,b' ',15.16,b' ',b'v044',b'Cl* NGC 5272 SAW V 44',205.60225416666665,28.406255555555553,15.912,15.615,205.60225416666665,28.406255555555553,3.6685007209491856
21,b' 22',b' ',0.4814205,b' ',b'RRab',15.989,b':',15.698,b' ',15.269,b' ',b'v022',b'Cl* NGC 5272 SAW V 22',205.6083208333333,28.375477777777775,15.989,15.698,205.6083208333333,28.375477777777775,3.5959108062158376
258,b' 22',b' ',0.4814205,b' ',b'RRab',15.989,b':',15.698,b' ',15.269,b' ',b'v022',b'Cl* NGC 5272 SAW V 22',205.6083208333333,28.375477777777775,15.989,15.698,205.6083208333333,28.375477777777775,3.5959108062158376
325,b' 90',b' ',0.5170308,b' ',b'RRab',16.008,b':',15.673,b' ',15.19,b':',b'v090',b'Cl* NGC 5272 SAW V 90',205.5791958333333,28.326124999999998,16.008,15.673,205.5791958333333,28.326124999999998,3.581917207096349
88,b' 90',b' ',0.5170308,b' ',b'RRab',16.008,b':',15.673,b' ',15.19,b':',b'v090',b'Cl* NGC 5272 SAW V 90',205.5791958333333,28.326124999999998,16.008,15.673,205.5791958333333,28.326124999999998,3.581917207096349
351,b'124',b' ',0.752439,b' ',b'RRab',16.0,b' ',15.544,b' ',14.942,b' ',b'v124',b'Cl* NGC 5272 SAW V124',205.52755416666665,28.322386111111108,16.0,15.544,205.52755416666665,28.322386111111108,3.523295727433191
114,b'124',b' ',0.752439,b' ',b'RRab',16.0,b' ',15.544,b' ',14.942,b' ',b'v124',b'Cl* NGC 5272 SAW V124',205.52755416666665,28.322386111111108,16.0,15.544,205.52755416666665,28.322386111111108,3.523295727433191
262,b' 26',b' ',0.5977427,b' ',b'RRab',15.891,b' ',15.596,b' ',14.991,b' ',b'v026',b'Cl* NGC 5272 SAW V 26',205.49260416666664,28.366211111111106,15.891,15.596,205.49260416666664,28.366211111111106,3.4138969950714153
25,b' 26',b' ',0.5977427,b' ',b'RRab',15.891,b' ',15.596,b' ',14.991,b' ',b'v026',b'Cl* NGC 5272 SAW V 26',205.49260416666664,28.366211111111106,15.891,15.596,205.49260416666664,28.366211111111106,3.4138969950714153
272,b' 36',b' ',0.5455929,b' ',b'RRab',15.854,b' ',15.601,b' ',15.214,b' ',b'v036',b'Cl* NGC 5272 SAW V 36',205.60267083333332,28.36868333333333,15.854,15.601,205.60267083333332,28.36868333333333,3.2958727172774607
35,b' 36',b' ',0.5455929,b' ',b'RRab',15.854,b' ',15.601,b' ',15.214,b' ',b'v036',b'Cl* NGC 5272 SAW V 36',205.60267083333332,28.36868333333333,15.854,15.601,205.60267083333332,28.36868333333333,3.2958727172774607
99,b'105',b' ',0.287744,b' ',b'RRc',15.791,b' ',15.58,b' ',15.306,b' ',b'v105',b'Cl* NGC 5272 SAW V105',205.5413833333333,28.431469444444442,15.791,15.58,205.5413833333333,28.431469444444442,3.278811669967067
336,b'105',b' ',0.287744,b' ',b'RRc',15.791,b' ',15.58,b' ',15.306,b' ',b'v105',b'Cl* NGC 5272 SAW V105',205.5413833333333,28.431469444444442,15.791,15.58,205.5413833333333,28.431469444444442,3.278811669967067
303,b' 67',b' ',0.5683324,b' ',b'RRab',15.976,b' ',15.635,b' ',15.2,b' ',b'v067',b'Cl* NGC 5272 SAW V 67',205.5065833333333,28.412227777777773,15.976,15.635,205.5065833333333,28.412227777777773,3.270703888123241
66,b' 67',b' ',0.5683324,b' ',b'RRab',15.976,b' ',15.635,b' ',15.2,b' ',b'v067',b'Cl* NGC 5272 SAW V 67',205.5065833333333,28.412227777777773,15.976,15.635,205.5065833333333,28.412227777777773,3.270703888123241
117,b'128',b' ',0.292041,b' ',b'RRc',15.84,b' ',15.637,b' ',15.344,b' ',b'v128',b'Cl* NGC 5272 SAW V128',205.58460416666665,28.41496944444444,15.84,15.637,205.58460416666665,28.41496944444444,3.1351385279769537
354,b'128',b' ',0.292041,b' ',b'RRc',15.84,b' ',15.637,b' ',15.344,b' ',b'v128',b'Cl* NGC 5272 SAW V128',205.58460416666665,28.41496944444444,15.84,15.637,205.58460416666665,28.41496944444444,3.1351385279769537
310,b' 74',b' ',0.4921525,b' ',b'RRab',15.994,b' ',15.692,b' ',15.304,b' ',b'v074',b'Cl* NGC 5272 SAW V 74',205.57601249999996,28.42028333333333,15.994,15.692,205.57601249999996,28.42028333333333,3.065942182835648
73,b' 74',b' ',0.4921525,b' ',b'RRab',15.994,b' ',15.692,b' ',15.304,b' ',b'v074',b'Cl* NGC 5272 SAW V 74',205.57601249999996,28.42028333333333,15.994,15.692,205.57601249999996,28.42028333333333,3.065942182835648
319,b' 84',b' ',0.5957289,b' ',b'RRab',16.042,b' ',15.658,b' ',15.158,b' ',b'v084',b'Cl* NGC 5272 SAW V 84',205.56835416666664,28.424227777777773,16.042,15.658,205.56835416666664,28.424227777777773,3.0605329088692503
82,b' 84',b' ',0.5957289,b' ',b'RRab',16.042,b' ',15.658,b' ',15.158,b' ',b'v084',b'Cl* NGC 5272 SAW V 84',205.56835416666664,28.424227777777773,16.042,15.658,205.56835416666664,28.424227777777773,3.0605329088692503
307,b' 71',b' ',0.549053,b' ',b'RRab',16.008,b' ',15.796,b' ',15.024,b' ',b'v071',b'Cl* NGC 5272 SAW V 71',205.5993583333333,28.37793333333333,16.008,15.796,205.5993583333333,28.37793333333333,3.0567936724591576
70,b' 71',b' ',0.549053,b' ',b'RRab',16.008,b' ',15.796,b' ',15.024,b' ',b'v071',b'Cl* NGC 5272 SAW V 71',205.5993583333333,28.37793333333333,16.008,15.796,205.5993583333333,28.37793333333333,3.0567936724591576
304,b' 68',b' ',0.3559911,b' ',b'RRd',15.916,b' ',15.632,b' ',15.265,b' ',b'v068',b'Cl* NGC 5272 SAW V 68',205.55490416666663,28.42699722222222,15.916,15.632,205.55490416666663,28.42699722222222,3.0085060239718917
67,b' 68',b' ',0.3559911,b' ',b'RRd',15.916,b' ',15.632,b' ',15.265,b' ',b'v068',b'Cl* NGC 5272 SAW V 68',205.55490416666663,28.42699722222222,15.916,15.632,205.55490416666663,28.42699722222222,3.0085060239718917
100,b'106',b' ',0.5471316,b' ',b'RRab',16.039,b' ',15.675,b' ',15.223,b' ',b'v106',b'Cl* NGC 5272 SAW V106',205.53286666666665,28.424913888888884,16.039,15.675,205.53286666666665,28.424913888888884,3.006625653526789
337,b'106',b' ',0.5471316,b' ',b'RRab',16.039,b' ',15.675,b' ',15.223,b' ',b'v106',b'Cl* NGC 5272 SAW V106',205.53286666666665,28.424913888888884,16.039,15.675,205.53286666666665,28.424913888888884,3.006625653526789
293,b' 57',b' ',0.5121885,b' ',b'RRab',16.001,b' ',15.699,b' ',15.357,b' ',b'v057',b'Cl* NGC 5272 SAW V 57',205.59767916666664,28.378413888888886,16.001,15.699,205.59767916666664,28.378413888888886,2.9565770043976327
56,b' 57',b' ',0.5121885,b' ',b'RRab',16.001,b' ',15.699,b' ',15.357,b' ',b'v057',b'Cl* NGC 5272 SAW V 57',205.59767916666664,28.378413888888886,16.001,15.699,205.59767916666664,28.378413888888886,2.9565770043976327
284,b' 48',b' ',0.6278299,b' ',b'RRab',15.922,b' ',15.615,b' ',,b' ',b'v048',b'Cl* NGC 5272 SAW V 48',205.58855416666665,28.350333333333328,15.922,15.615,205.58855416666665,28.350333333333328,2.900572520813152
47,b' 48',b' ',0.6278299,b' ',b'RRab',15.922,b' ',15.615,b' ',,b' ',b'v048',b'Cl* NGC 5272 SAW V 48',205.58855416666665,28.350333333333328,15.922,15.615,205.58855416666665,28.350333333333328,2.900572520813152
311,b' 75',b' ',0.3140767,b' ',b'RRc',15.89,b' ',15.626,b' ',15.319,b' ',b'v075',b'Cl* NGC 5272 SAW V 75',205.56385416666663,28.422805555555552,15.89,15.626,205.56385416666663,28.422805555555552,2.8844879787590965
74,b' 75',b' ',0.3140767,b' ',b'RRc',15.89,b' ',15.626,b' ',15.319,b' ',b'v075',b'Cl* NGC 5272 SAW V 75',205.56385416666663,28.422805555555552,15.89,15.626,205.56385416666663,28.422805555555552,2.8844879787590965
305,b' 69',b' ',0.5666159,b' ',b'RRab',16.037,b' ',15.672,b' ',15.208,b' ',b'v069',b'Cl* NGC 5272 SAW V 69',205.57405416666663,28.417691666666663,16.037,15.672,205.57405416666663,28.417691666666663,2.871650943010175
68,b' 69',b' ',0.5666159,b' ',b'RRab',16.037,b' ',15.672,b' ',15.208,b' ',b'v069',b'Cl* NGC 5272 SAW V 69',205.57405416666663,28.417691666666663,16.037,15.672,205.57405416666663,28.417691666666663,2.871650943010175
65,b' 66',b' ',0.6201807,b' ',b'RRab',15.991,b' ',15.641,b' ',15.142,b' ',b'v066',b'Cl* NGC 5272 SAW V 66',205.51611666666665,28.411691666666663,15.991,15.641,205.51611666666665,28.411691666666663,2.831857760553012
302,b' 66',b' ',0.6201807,b' ',b'RRab',15.991,b' ',15.641,b' ',15.142,b' ',b'v066',b'Cl* NGC 5272 SAW V 66',205.51611666666665,28.411691666666663,15.991,15.641,205.51611666666665,28.411691666666663,2.831857760553012
23,b' 24',b' ',0.66338,b' ',b'RRab',15.914,b' ',15.533,b' ',15.06,b' ',b'v024',b'Cl* NGC 5272 SAW V 24',205.50171666666665,28.381052777777775,15.914,15.533,205.50171666666665,28.381052777777775,2.8111035615543405
260,b' 24',b' ',0.66338,b' ',b'RRab',15.914,b' ',15.533,b' ',15.06,b' ',b'v024',b'Cl* NGC 5272 SAW V 24',205.50171666666665,28.381052777777775,15.914,15.533,205.50171666666665,28.381052777777775,2.8111035615543405
250,b' 14',b' ',0.6359002,b' ',b'RRab',15.867,b' ',15.551,b' ',15.05,b' ',b'v014',b'Cl* NGC 5272 SAW V 14',205.53294999999997,28.333688888888886,15.867,15.551,205.53294999999997,28.333688888888886,2.775037677302522
13,b' 14',b' ',0.6359002,b' ',b'RRab',15.867,b' ',15.551,b' ',15.05,b' ',b'v014',b'Cl* NGC 5272 SAW V 14',205.53294999999997,28.333688888888886,15.867,15.551,205.53294999999997,28.333688888888886,2.775037677302522
306,b' 70',b' ',0.4863518,b' ',b'RRc(?)',15.67,b' ',15.386,b' ',14.953,b' ',b'v070',b'Cl* NGC 5272 SAW V 70',205.56004166666665,28.420649999999995,15.67,15.386,205.56004166666665,28.420649999999995,2.6942426980502034
69,b' 70',b' ',0.4863518,b' ',b'RRc(?)',15.67,b' ',15.386,b' ',14.953,b' ',b'v070',b'Cl* NGC 5272 SAW V 70',205.56004166666665,28.420649999999995,15.67,15.386,205.56004166666665,28.420649999999995,2.6942426980502034
26,b' 27',b' ',0.5790682,b' ',b'RRab',15.972,b' ',15.649,b' ',15.23,b' ',b'v027',b'Cl* NGC 5272 SAW V 27',205.5135583333333,28.349738888888886,15.972,15.649,205.5135583333333,28.349738888888886,2.6653810535185576
263,b' 27',b' ',0.5790682,b' ',b'RRab',15.972,b' ',15.649,b' ',15.23,b' ',b'v027',b'Cl* NGC 5272 SAW V 27',205.5135583333333,28.349738888888886,15.972,15.649,205.5135583333333,28.349738888888886,2.6653810535185576
5,b'  6',b' ',0.5143327,b' ',b'RRab',16.003,b' ',15.703,b' ',15.276,b' ',b'v006',b'Cl* NGC 5272 SAW V  6',205.50936666666664,28.39497222222222,16.003,15.703,205.50936666666664,28.39497222222222,2.57229406635142
242,b'  6',b' ',0.5143327,b' ',b'RRab',16.003,b' ',15.703,b' ',15.276,b' ',b'v006',b'Cl* NGC 5272 SAW V  6',205.50936666666664,28.39497222222222,16.003,15.703,205.50936666666664,28.39497222222222,2.57229406635142
45,b' 46',b' ',0.6133832,b' ',b'RRab',16.028,b' ',15.703,b' ',15.153,b' ',b'v046',b'Cl* NGC 5272 SAW V 46',205.50791249999997,28.364016666666664,16.028,15.703,205.50791249999997,28.364016666666664,2.5571335179275225
282,b' 46',b' ',0.6133832,b' ',b'RRab',16.028,b' ',15.703,b' ',15.153,b' ',b'v046',b'Cl* NGC 5272 SAW V 46',205.50791249999997,28.364016666666664,16.028,15.703,205.50791249999997,28.364016666666664,2.5571335179275225
98,b'104',b' ',0.5699259,b' ',b'RRab',15.773,b' ',15.536,b' ',15.145,b' ',b'v104',b'Cl* NGC 5272 SAW V104',205.54034166666665,28.418838888888885,15.773,15.536,205.54034166666665,28.418838888888885,2.5403361353263354
335,b'104',b' ',0.5699259,b' ',b'RRab',15.773,b' ',15.536,b' ',15.145,b' ',b'v104',b'Cl* NGC 5272 SAW V104',205.54034166666665,28.418838888888885,15.773,15.536,205.54034166666665,28.418838888888885,2.5403361353263354
283,b' 47',b' ',0.5409128,b' ',b'RRab',15.941,b' ',15.648,b' ',15.19,b' ',b'v047',b'Cl* NGC 5272 SAW V 47',205.51124999999996,28.357986111111106,15.941,15.648,205.51124999999996,28.357986111111106,2.512452948903957
46,b' 47',b' ',0.5409128,b' ',b'RRab',15.941,b' ',15.648,b' ',15.19,b' ',b'v047',b'Cl* NGC 5272 SAW V 47',205.51124999999996,28.357986111111106,15.941,15.648,205.51124999999996,28.357986111111106,2.512452948903957
353,b'126',b' ',0.3484062,b' ',b'RRc',15.887,b' ',15.622,b' ',15.271,b' ',b'v126',b'Cl* NGC 5272 SAW V126',205.54350416666665,28.337686111111108,15.887,15.622,205.54350416666665,28.337686111111108,2.39366508161563
116,b'126',b' ',0.3484062,b' ',b'RRc',15.887,b' ',15.622,b' ',15.271,b' ',b'v126',b'Cl* NGC 5272 SAW V126',205.54350416666665,28.337686111111108,15.887,15.622,205.54350416666665,28.337686111111108,2.39366508161563
24,b' 25',b' ',0.4800623,b' ',b'RRab',15.886,b' ',15.681,b' ',15.271,b' ',b'v025',b'Cl* NGC 5272 SAW V 25',205.5095333333333,28.369499999999995,15.886,15.681,205.5095333333333,28.369499999999995,2.3791672042981764
261,b' 25',b' ',0.4800623,b' ',b'RRab',15.886,b' ',15.681,b' ',15.271,b' ',b'v025',b'Cl* NGC 5272 SAW V 25',205.5095333333333,28.369499999999995,15.886,15.681,205.5095333333333,28.369499999999995,2.3791672042981764
11,b' 12',b' ',0.3179347,b' ',b'RRc',15.814,b' ',15.606,b' ',15.275,b' ',b'v012',b'Cl* NGC 5272 SAW V 12',205.54721666666663,28.33808333333333,15.814,15.606,205.54721666666663,28.33808333333333,2.3527207369344
248,b' 12',b' ',0.3179347,b' ',b'RRc',15.814,b' ',15.606,b' ',15.275,b' ',b'v012',b'Cl* NGC 5272 SAW V 12',205.54721666666663,28.33808333333333,15.814,15.606,205.54721666666663,28.33808333333333,2.3527207369344
85,b' 87',b' ',0.3574779,b' ',b'RRd',15.856,b' ',15.571,b' ',15.187,b' ',b'v087',b'Cl* NGC 5272 SAW V 87',205.58308749999998,28.395111111111106,15.856,15.571,205.58308749999998,28.395111111111106,2.339360244369647
322,b' 87',b' ',0.3574779,b' ',b'RRd',15.856,b' ',15.571,b' ',15.187,b' ',b'v087',b'Cl* NGC 5272 SAW V 87',205.58308749999998,28.395111111111106,15.856,15.571,205.58308749999998,28.395111111111106,2.339360244369647
12,b' 13',b' ',0.4795043,b' ',b'RRd',15.917,b' ',15.684,b' ',15.239,b' ',b'v013',b'Cl* NGC 5272 SAW V 13',205.54028749999998,28.339541666666662,15.917,15.684,205.54028749999998,28.339541666666662,2.3160527667785686
249,b' 13',b' ',0.4795043,b' ',b'RRd',15.917,b' ',15.684,b' ',15.239,b' ',b'v013',b'Cl* NGC 5272 SAW V 13',205.54028749999998,28.339541666666662,15.917,15.684,205.54028749999998,28.339541666666662,2.3160527667785686
333,b'100',b' ',0.6188126,b' ',b'RRab',16.045,b' ',15.705,b' ',15.165,b' ',b'v100',b'Cl* NGC 5272 SAW V100',205.57052499999998,28.405641666666664,16.045,15.705,205.57052499999998,28.405641666666664,2.1578007104445858
96,b'100',b' ',0.6188126,b' ',b'RRab',16.045,b' ',15.705,b' ',15.165,b' ',b'v100',b'Cl* NGC 5272 SAW V100',205.57052499999998,28.405641666666664,16.045,15.705,205.57052499999998,28.405641666666664,2.1578007104445858
52,b' 53',b' ',0.5048789,b' ',b'RRab',15.939,b' ',15.669,b' ',15.281,b' ',b'v053',b'Cl* NGC 5272 SAW V 53',205.5459125,28.412374999999997,15.939,15.669,205.5459125,28.412374999999997,2.1112303565693087
289,b' 53',b' ',0.5048789,b' ',b'RRab',15.939,b' ',15.669,b' ',15.281,b' ',b'v053',b'Cl* NGC 5272 SAW V 53',205.5459125,28.412374999999997,15.939,15.669,205.5459125,28.412374999999997,2.1112303565693087
429,b'222',b' ',0.5967446,b' ',b'RRab',15.931,b' ',15.572,b' ',15.042,b' ',b'v222',b'Cl* NGC 5272 SAW V222',205.57898749999998,28.360841666666662,15.931,15.572,205.57898749999998,28.360841666666662,2.0825591128455216
192,b'222',b' ',0.5967446,b' ',b'RRab',15.931,b' ',15.572,b' ',15.042,b' ',b'v222',b'Cl* NGC 5272 SAW V222',205.57898749999998,28.360841666666662,15.931,15.572,205.57898749999998,28.360841666666662,2.0825591128455216
0,b'  1',b' ',0.5205963,b' ',b'RRab',15.9,b' ',15.631,b' ',15.227,b' ',b'v001',b'Cl* NGC 5272 SAW V  1',205.54662916666663,28.342680555555553,15.9,15.631,205.54662916666663,28.342680555555553,2.0785534079287005
237,b'  1',b' ',0.5205963,b' ',b'RRab',15.9,b' ',15.631,b' ',15.227,b' ',b'v001',b'Cl* NGC 5272 SAW V  1',205.54662916666663,28.342680555555553,15.9,15.631,205.54662916666663,28.342680555555553,2.0785534079287005
417,b'209',b' ',0.3482784,b' ',b'RRc',15.78,b' ',15.607,b' ',15.246,b' ',b'v209',b'Cl* NGC 5272 SAW V209',205.5267708333333,28.350752777777775,15.78,15.607,205.5267708333333,28.350752777777775,2.0541108481003807
180,b'209',b' ',0.3482784,b' ',b'RRc',15.78,b' ',15.607,b' ',15.246,b' ',b'v209',b'Cl* NGC 5272 SAW V209',205.5267708333333,28.350752777777775,15.78,15.607,205.5267708333333,28.350752777777775,2.0541108481003807
40,b' 41',b' ',0.4858777,b' ',b'RRab',16.001,b' ',15.659,b' ',15.292,b' ',b'v041',b'Cl* NGC 5272 SAW V 41',205.51861666666665,28.39320833333333,16.001,15.659,205.51861666666665,28.39320833333333,2.02743866393166
277,b' 41',b' ',0.4858777,b' ',b'RRab',16.001,b' ',15.659,b' ',15.292,b' ',b'v041',b'Cl* NGC 5272 SAW V 41',205.51861666666665,28.39320833333333,16.001,15.659,205.51861666666665,28.39320833333333,2.02743866393166
42,b' 43',b' ',0.5405129,b' ',b'RRab',16.006,b' ',15.671,b' ',15.228,b' ',b'v043',b'Cl* NGC 5272 SAW V 43',205.58024166666664,28.385386111111107,16.006,15.671,205.58024166666664,28.385386111111107,1.970550854567525
279,b' 43',b' ',0.5405129,b' ',b'RRab',16.006,b' ',15.671,b' ',15.228,b' ',b'v043',b'Cl* NGC 5272 SAW V 43',205.58024166666664,28.385386111111107,16.006,15.671,205.58024166666664,28.385386111111107,1.970550854567525
371,b'146',b' ',0.502193,b' ',b'RRab',15.905,b' ',15.674,b' ',15.246,b' ',b'v146',b'Cl* NGC 5272 SAW V146',205.57740416666664,28.36215833333333,15.905,15.674,205.57740416666664,28.36215833333333,1.9616310556508667
134,b'146',b' ',0.502193,b' ',b'RRab',15.905,b' ',15.674,b' ',15.246,b' ',b'v146',b'Cl* NGC 5272 SAW V146',205.57740416666664,28.36215833333333,15.905,15.674,205.57740416666664,28.36215833333333,1.9616310556508667
290,b' 54',b' ',0.506257,b' ',b'RRab',16.044,b' ',15.714,b' ',15.344,b' ',b'v054',b'Cl* NGC 5272 SAW V 54',205.53825416666663,28.40799444444444,16.044,15.714,205.53825416666663,28.40799444444444,1.9412798097165538
53,b' 54',b' ',0.506257,b' ',b'RRab',16.044,b' ',15.714,b' ',15.344,b' ',b'v054',b'Cl* NGC 5272 SAW V 54',205.53825416666663,28.40799444444444,16.044,15.714,205.53825416666663,28.40799444444444,1.9412798097165538
32,b' 33',b' ',0.5252299,b' ',b'RRab',15.877,b' ',15.67,b' ',15.191,b' ',b'v033',b'Cl* NGC 5272 SAW V 33',205.57052083333332,28.35369722222222,15.877,15.67,205.57052083333332,28.35369722222222,1.9392437897993442
269,b' 33',b' ',0.5252299,b' ',b'RRab',15.877,b' ',15.67,b' ',15.191,b' ',b'v033',b'Cl* NGC 5272 SAW V 33',205.57052083333332,28.35369722222222,15.877,15.67,205.57052083333332,28.35369722222222,1.9392437897993442
129,b'140',b' ',0.3331388,b' ',b'RRc',15.715,b' ',15.53,b' ',15.225,b' ',b'v140',b'Cl* NGC 5272 SAW V140',205.54323333333332,28.408538888888884,15.715,15.53,205.54323333333332,28.408538888888884,1.9013144480711766
366,b'140',b' ',0.3331388,b' ',b'RRc',15.715,b' ',15.53,b' ',15.225,b' ',b'v140',b'Cl* NGC 5272 SAW V140',205.54323333333332,28.408538888888884,15.715,15.53,205.54323333333332,28.408538888888884,1.9013144480711766
369,b'144',b' ',0.5967843,b' ',b'RRab',16.0,b' ',15.675,b' ',15.136,b' ',b'v144',b'Cl* NGC 5272 SAW V144',205.56570416666665,28.35079722222222,16.0,15.675,205.56570416666665,28.35079722222222,1.8974228880973252
132,b'144',b' ',0.5967843,b' ',b'RRab',16.0,b' ',15.675,b' ',15.136,b' ',b'v144',b'Cl* NGC 5272 SAW V144',205.56570416666665,28.35079722222222,16.0,15.675,205.56570416666665,28.35079722222222,1.8974228880973252
341,b'110',b' ',0.5354602,b' ',b'RRab',15.959,b' ',15.698,b' ',15.206,b' ',b'v110',b'Cl* NGC 5272 SAW V110',205.51712916666665,28.37395833333333,15.959,15.698,205.51712916666665,28.37395833333333,1.88774101997724
104,b'110',b' ',0.5354602,b' ',b'RRab',15.959,b' ',15.698,b' ',15.206,b' ',b'v110',b'Cl* NGC 5272 SAW V110',205.51712916666665,28.37395833333333,15.959,15.698,205.51712916666665,28.37395833333333,1.88774101997724
313,b' 77',b' ',0.4593499,b' ',b'RRab',15.87,b' ',15.743,b' ',15.311,b' ',b'v077',b'Cl* NGC 5272 SAW V 77',205.51819999999998,28.385991666666662,15.87,15.743,205.51819999999998,28.385991666666662,1.886856501169344
76,b' 77',b' ',0.4593499,b' ',b'RRab',15.87,b' ',15.743,b' ',15.311,b' ',b'v077',b'Cl* NGC 5272 SAW V 77',205.51819999999998,28.385991666666662,15.87,15.743,205.51819999999998,28.385991666666662,1.886856501169344
324,b' 89',b' ',0.5484803,b' ',b'RRab',15.955,b' ',15.647,b' ',15.176,b' ',b'v089',b'Cl* NGC 5272 SAW V 89',205.55749999999998,28.347711111111106,15.955,15.647,205.55749999999998,28.347711111111106,1.8557960638075386
87,b' 89',b' ',0.5484803,b' ',b'RRab',15.955,b' ',15.647,b' ',15.176,b' ',b'v089',b'Cl* NGC 5272 SAW V 89',205.55749999999998,28.347711111111106,15.955,15.647,205.55749999999998,28.347711111111106,1.8557960638075386
386,b'166',b' ',0.4849529,b' ',b'RRd',15.969,b' ',15.797,b' ',15.271,b' ',b'v166',b'Cl* NGC 5272 SAW V166',205.5177083333333,28.37621944444444,15.969,15.797,205.5177083333333,28.37621944444444,1.8435523255710768
149,b'166',b' ',0.4849529,b' ',b'RRd',15.969,b' ',15.797,b' ',15.271,b' ',b'v166',b'Cl* NGC 5272 SAW V166',205.5177083333333,28.37621944444444,15.969,15.797,205.5177083333333,28.37621944444444,1.8435523255710768
294,b' 58',b' ',0.5170549,b' ',b'RRab',15.825,b' ',15.6,b' ',15.196,b' ',b'v058',b'Cl* NGC 5272 SAW V 58',205.5214208333333,28.39114444444444,15.825,15.6,205.5214208333333,28.39114444444444,1.8209234304648774
57,b' 58',b' ',0.5170549,b' ',b'RRab',15.825,b' ',15.6,b' ',15.196,b' ',b'v058',b'Cl* NGC 5272 SAW V 58',205.5214208333333,28.39114444444444,15.825,15.6,205.5214208333333,28.39114444444444,1.8209234304648774
342,b'111',b' ',0.5101919,b' ',b'RRab',15.938,b' ',15.694,b' ',15.29,b' ',b'v111',b'Cl* NGC 5272 SAW V111',205.51945416666663,28.384416666666663,15.938,15.694,205.51945416666663,28.384416666666663,1.7897333512306597
105,b'111',b' ',0.5101919,b' ',b'RRab',15.938,b' ',15.694,b' ',15.29,b' ',b'v111',b'Cl* NGC 5272 SAW V111',205.51945416666663,28.384416666666663,15.938,15.694,205.51945416666663,28.384416666666663,1.7897333512306597
27,b' 28',b' ',0.470617,b' ',b'RRab',15.911,b' ',15.655,b' ',15.268,b' ',b'v028',b'Cl* NGC 5272 SAW V 28',205.5408958333333,28.349011111111107,15.911,15.655,205.5408958333333,28.349011111111107,1.7549496211990432
264,b' 28',b' ',0.470617,b' ',b'RRab',15.911,b' ',15.655,b' ',15.268,b' ',b'v028',b'Cl* NGC 5272 SAW V 28',205.5408958333333,28.349011111111107,15.911,15.655,205.5408958333333,28.349011111111107,1.7549496211990432
377,b'152',b' ',0.3261308,b' ',b'RRc',15.805,b' ',15.54,b' ',15.289,b' ',b'v152',b'Cl* NGC 5272 SAW V152',205.57309166666664,28.39265833333333,15.805,15.54,205.57309166666664,28.39265833333333,1.7446220754062118
140,b'152',b' ',0.3261308,b' ',b'RRc',15.805,b' ',15.54,b' ',15.289,b' ',b'v152',b'Cl* NGC 5272 SAW V152',205.57309166666664,28.39265833333333,15.805,15.54,205.57309166666664,28.39265833333333,1.7446220754062118
397,b'178',b' ',0.2669625,b' ',b'RRc',15.891,b' ',15.699,b' ',15.478,b' ',b'v178',b'Cl* NGC 5272 SAW V178',205.57354999999998,28.391574999999996,15.891,15.699,205.57354999999998,28.391574999999996,1.7349762926322743
160,b'178',b' ',0.2669625,b' ',b'RRc',15.891,b' ',15.699,b' ',15.478,b' ',b'v178',b'Cl* NGC 5272 SAW V178',205.57354999999998,28.391574999999996,15.891,15.699,205.57354999999998,28.391574999999996,1.7349762926322743
334,b'101',b' ',0.6438879,b' ',b'RRab',16.093,b' ',15.692,b' ',15.166,b' ',b'v101',b'Cl* NGC 5272 SAW V101',205.56316666666663,28.40162222222222,16.093,15.692,205.56316666666663,28.40162222222222,1.7079166384145614
97,b'101',b' ',0.6438879,b' ',b'RRab',16.093,b' ',15.692,b' ',15.166,b' ',b'v101',b'Cl* NGC 5272 SAW V101',205.56316666666663,28.40162222222222,16.093,15.692,205.56316666666663,28.40162222222222,1.7079166384145614
379,b'155',b' ',0.33805,b' ',b'RRc',15.805,b' ',15.66,b' ',15.254,b' ',b'v155',b'Cl* NGC 5272 SAW V155',205.5282083333333,28.357555555555553,15.805,15.66,205.5282083333333,28.357555555555553,1.694174308362377
142,b'155',b' ',0.33805,b' ',b'RRc',15.805,b' ',15.66,b' ',15.254,b' ',b'v155',b'Cl* NGC 5272 SAW V155',205.5282083333333,28.357555555555553,15.805,15.66,205.5282083333333,28.357555555555553,1.694174308362377
340,b'109',b' ',0.5339205,b' ',b'RRab',15.945,b' ',15.695,b' ',15.211,b' ',b'v109',b'Cl* NGC 5272 SAW V109',205.5204208333333,28.37901944444444,15.945,15.695,205.5204208333333,28.37901944444444,1.6829603945481237
103,b'109',b' ',0.5339205,b' ',b'RRab',15.945,b' ',15.695,b' ',15.211,b' ',b'v109',b'Cl* NGC 5272 SAW V109',205.5204208333333,28.37901944444444,15.945,15.695,205.5204208333333,28.37901944444444,1.6829603945481237
265,b' 29',b' ',0.4717879,b' ',b'RRab',15.874,b' ',15.769,b' ',15.265,b' ',b'v029',b'Cl* NGC 5272 SAW V 29',205.52852916666663,28.357630555555552,15.874,15.769,205.52852916666663,28.357630555555552,1.6772859355569831
28,b' 29',b' ',0.4717879,b' ',b'RRab',15.874,b' ',15.769,b' ',15.265,b' ',b'v029',b'Cl* NGC 5272 SAW V 29',205.52852916666663,28.357630555555552,15.874,15.769,205.52852916666663,28.357630555555552,1.6772859355569831
41,b' 42',b' ',0.5900938,b' ',b'RRab',15.724,b' ',15.497,b' ',15.079,b' ',b'v042',b'Cl* NGC 5272 SAW V 42',205.5237333333333,28.389588888888884,15.724,15.497,205.5237333333333,28.389588888888884,1.6549742929879874
278,b' 42',b' ',0.5900938,b' ',b'RRab',15.724,b' ',15.497,b' ',15.079,b' ',b'v042',b'Cl* NGC 5272 SAW V 42',205.5237333333333,28.389588888888884,15.724,15.497,205.5237333333333,28.389588888888884,1.6549742929879874
181,b'210',b' ',0.352947,b' ',b'RRc',15.82,b' ',15.672,b' ',15.223,b' ',b'v210',b'Cl* NGC 5272 SAW V210',205.5210833333333,28.375624999999996,15.82,15.672,205.5210833333333,28.375624999999996,1.6429527004772684
418,b'210',b' ',0.352947,b' ',b'RRc',15.82,b' ',15.672,b' ',15.223,b' ',b'v210',b'Cl* NGC 5272 SAW V210',205.5210833333333,28.375624999999996,15.82,15.672,205.5210833333333,28.375624999999996,1.6429527004772684
244,b'  8',b' ',0.636728,b' ',b'RRab',15.787,b' ',15.634,b' ',14.898,b' ',b'v008',b'Cl* NGC 5272 SAW V  8',205.52240416666663,28.37180833333333,15.787,15.634,205.52240416666663,28.37180833333333,1.5948286549053166
7,b'  8',b' ',0.636728,b' ',b'RRab',15.787,b' ',15.634,b' ',14.898,b' ',b'v008',b'Cl* NGC 5272 SAW V  8',205.52240416666663,28.37180833333333,15.787,15.634,205.52240416666663,28.37180833333333,1.5948286549053166
150,b'167',b' ',0.643971,b' ',b'RRab',16.064,b' ',15.677,b' ',15.131,b' ',b'v167',b'Cl* NGC 5272 SAW V167',205.52356666666665,28.368174999999997,16.064,15.677,205.52356666666665,28.368174999999997,1.5878314696475542
387,b'167',b' ',0.643971,b' ',b'RRab',16.064,b' ',15.677,b' ',15.131,b' ',b'v167',b'Cl* NGC 5272 SAW V167',205.52356666666665,28.368174999999997,16.064,15.677,205.52356666666665,28.368174999999997,1.5878314696475542
118,b'129',b' ',0.4060852,b' ',b'RRc(?)',15.76,b' ',15.492,b' ',15.07,b' ',b'v129',b'Cl* NGC 5272 SAW V129',205.53488749999997,28.39985555555555,15.76,15.492,205.53488749999997,28.39985555555555,1.5792787403159108
355,b'129',b' ',0.4060852,b' ',b'RRc(?)',15.76,b' ',15.492,b' ',15.07,b' ',b'v129',b'Cl* NGC 5272 SAW V129',205.53488749999997,28.39985555555555,15.76,15.492,205.53488749999997,28.39985555555555,1.5792787403159108
243,b'  7',b' ',0.4974248,b' ',b'RRab',15.889,b' ',15.638,b' ',15.23,b' ',b'v007',b'Cl* NGC 5272 SAW V  7',205.5471833333333,28.402874999999998,15.889,15.638,205.5471833333333,28.402874999999998,1.5376597334911697
6,b'  7',b' ',0.4974248,b' ',b'RRab',15.889,b' ',15.638,b' ',15.23,b' ',b'v007',b'Cl* NGC 5272 SAW V  7',205.5471833333333,28.402874999999998,15.889,15.638,205.5471833333333,28.402874999999998,1.5376597334911697
357,b'131',b' ',0.297689,b' ',b'RRc',15.878,b' ',15.679,b' ',15.349,b' ',b'v131',b'Cl* NGC 5272 SAW V131',205.52494999999996,28.38585555555555,15.878,15.679,205.52494999999996,28.38585555555555,1.4990934517627403
120,b'131',b' ',0.297689,b' ',b'RRc',15.878,b' ',15.679,b' ',15.349,b' ',b'v131',b'Cl* NGC 5272 SAW V131',205.52494999999996,28.38585555555555,15.878,15.679,205.52494999999996,28.38585555555555,1.4990934517627403
138,b'150',b' ',0.5239248,b' ',b'RRab',15.978,b' ',15.687,b' ',15.238,b' ',b'v150',b'Cl* NGC 5272 SAW V150',205.5702333333333,28.389161111111108,15.978,15.687,205.5702333333333,28.389161111111108,1.4906445821990488
375,b'150',b' ',0.5239248,b' ',b'RRab',15.978,b' ',15.687,b' ',15.238,b' ',b'v150',b'Cl* NGC 5272 SAW V150',205.5702333333333,28.389161111111108,15.978,15.687,205.5702333333333,28.389161111111108,1.4906445821990488
119,b'130',b' ',0.5660594,b' ',b'RRab',15.958,b' ',15.671,b' ',15.156,b' ',b'v130',b'Cl* NGC 5272 SAW V130',205.54939166666665,28.401666666666664,15.958,15.671,205.54939166666665,28.401666666666664,1.4645504279469017
356,b'130',b' ',0.5660594,b' ',b'RRab',15.958,b' ',15.671,b' ',15.156,b' ',b'v130',b'Cl* NGC 5272 SAW V130',205.54939166666665,28.401666666666664,15.958,15.671,205.54939166666665,28.401666666666664,1.4645504279469017
77,b' 78',b' ',0.61192,b' ',b'RRab',15.944,b' ',15.602,b' ',15.11,b' ',b'v078',b'Cl* NGC 5272 SAW V 78',205.56306249999997,28.39679722222222,15.944,15.602,205.56306249999997,28.39679722222222,1.4642446982229893
314,b' 78',b' ',0.61192,b' ',b'RRab',15.944,b' ',15.602,b' ',15.11,b' ',b'v078',b'Cl* NGC 5272 SAW V 78',205.56306249999997,28.39679722222222,15.944,15.602,205.56306249999997,28.39679722222222,1.4642446982229893
385,b'165',b' ',0.4836315,b' ',b'RRab',15.802,b' ',15.585,b' ',15.222,b' ',b'v165',b'Cl* NGC 5272 SAW V165',205.57134999999997,28.384099999999997,15.802,15.585,205.57134999999997,28.384099999999997,1.4356455224023388
148,b'165',b' ',0.4836315,b' ',b'RRab',15.802,b' ',15.585,b' ',15.222,b' ',b'v165',b'Cl* NGC 5272 SAW V165',205.57134999999997,28.384099999999997,15.802,15.585,205.57134999999997,28.384099999999997,1.4356455224023388
312,b' 76',b' ',0.5017627,b' ',b'RRab',15.967,b' ',15.72,b' ',15.294,b':',b'v076',b'Cl* NGC 5272 SAW V 76',205.54409166666665,28.35393333333333,15.967,15.72,205.54409166666665,28.35393333333333,1.4244493237743385
75,b' 76',b' ',0.5017627,b' ',b'RRab',15.967,b' ',15.72,b' ',15.294,b':',b'v076',b'Cl* NGC 5272 SAW V 76',205.54409166666665,28.35393333333333,15.967,15.72,205.54409166666665,28.35393333333333,1.4244493237743385
1,b'  3',b' ',0.5581979,b' ',b'RRab',15.857,b' ',15.612,b' ',15.155,b' ',b'v003',b'Cl* NGC 5272 SAW V  3',205.56604166666665,28.361552777777774,15.857,15.612,205.56604166666665,28.361552777777774,1.41721383135203
238,b'  3',b' ',0.5581979,b' ',b'RRab',15.857,b' ',15.612,b' ',15.155,b' ',b'v003',b'Cl* NGC 5272 SAW V  3',205.56604166666665,28.361552777777774,15.857,15.612,205.56604166666665,28.361552777777774,1.41721383135203
122,b'133',b' ',0.5507236,b' ',b'RRab',15.977,b' ',15.701,b' ',15.261,b' ',b'v133',b'Cl* NGC 5272 SAW V133',205.5299708333333,28.390411111111106,15.977,15.701,205.5299708333333,28.390411111111106,1.3586112663119034
359,b'133',b' ',0.5507236,b' ',b'RRab',15.977,b' ',15.701,b' ',15.261,b' ',b'v133',b'Cl* NGC 5272 SAW V133',205.5299708333333,28.390411111111106,15.977,15.701,205.5299708333333,28.390411111111106,1.3586112663119034
267,b' 31',b' ',0.5807219,b' ',b'RRab',15.829,b' ',15.556,b' ',15.14,b' ',b'v031',b'Cl* NGC 5272 SAW V 31',205.5585458333333,28.39650833333333,15.829,15.556,205.5585458333333,28.39650833333333,1.304165533395898
30,b' 31',b' ',0.5807219,b' ',b'RRab',15.829,b' ',15.556,b' ',15.14,b' ',b'v031',b'Cl* NGC 5272 SAW V 31',205.5585458333333,28.39650833333333,15.829,15.556,205.5585458333333,28.39650833333333,1.304165533395898
323,b' 88',b' ',0.2987499,b' ',b'RRc',15.868,b' ',15.687,b' ',15.179,b' ',b'v088',b'Cl* NGC 5272 SAW V 88',205.5371583333333,28.358905555555552,15.868,15.687,205.5371583333333,28.358905555555552,1.2927807652938446
86,b' 88',b' ',0.2987499,b' ',b'RRc',15.868,b' ',15.687,b' ',15.179,b' ',b'v088',b'Cl* NGC 5272 SAW V 88',205.5371583333333,28.358905555555552,15.868,15.687,205.5371583333333,28.358905555555552,1.2927807652938446
112,b'121',b' ',0.5352076,b' ',b'RRab',16.016,b' ',15.704,b' ',15.286,b' ',b'v121',b'Cl* NGC 5272 SAW V121',205.53492916666664,28.393827777777773,16.016,15.704,205.53492916666664,28.393827777777773,1.281000587931106
349,b'121',b' ',0.5352076,b' ',b'RRab',16.016,b' ',15.704,b' ',15.286,b' ',b'v121',b'Cl* NGC 5272 SAW V121',205.53492916666664,28.393827777777773,16.016,15.704,205.53492916666664,28.393827777777773,1.281000587931106
159,b'177',b' ',0.3483497,b' ',b'RRc',15.671,b' ',15.517,b' ',15.264,b' ',b'v177',b'Cl* NGC 5272 SAW V177',205.56861666666663,28.370474999999995,15.671,15.517,205.56861666666663,28.370474999999995,1.2789069145149448
396,b'177',b' ',0.3483497,b' ',b'RRc',15.671,b' ',15.517,b' ',15.264,b' ',b'v177',b'Cl* NGC 5272 SAW V177',205.56861666666663,28.370474999999995,15.671,15.517,205.56861666666663,28.370474999999995,1.2789069145149448
29,b' 30',b' ',0.5120888,b' ',b'RRab',15.895,b' ',15.676,b' ',15.248,b' ',b'v030',b'Cl* NGC 5272 SAW V 30',205.53713333333332,28.39453611111111,15.895,15.676,205.53713333333332,28.39453611111111,1.2371870272702803
266,b' 30',b' ',0.5120888,b' ',b'RRab',15.895,b' ',15.676,b' ',15.248,b' ',b'v030',b'Cl* NGC 5272 SAW V 30',205.53713333333332,28.39453611111111,15.895,15.676,205.53713333333332,28.39453611111111,1.2371870272702803
426,b'219',b' ',0.6136073,b' ',b'RRab',15.993,b' ',15.707,b' ',,b' ',b'v219',b'Cl* NGC 5272 SAW V219',205.52977916666663,28.382663888888885,15.993,15.707,205.52977916666663,28.382663888888885,1.1639847348440022
189,b'219',b' ',0.6136073,b' ',b'RRab',15.993,b' ',15.707,b' ',,b' ',b'v219',b'Cl* NGC 5272 SAW V219',205.52977916666663,28.382663888888885,15.993,15.707,205.52977916666663,28.382663888888885,1.1639847348440022
410,b'197',b' ',0.4998971,b' ',b'RRab',16.016,b' ',15.719,b' ',,b' ',b'v197',b'Cl* NGC 5272 SAW V197',205.56714166666663,28.381352777777774,16.016,15.719,205.56714166666663,28.381352777777774,1.1498457304230778
173,b'197',b' ',0.4998971,b' ',b'RRab',16.016,b' ',15.719,b' ',,b' ',b'v197',b'Cl* NGC 5272 SAW V197',205.56714166666663,28.381352777777774,16.016,15.719,205.56714166666663,28.381352777777774,1.1498457304230778
137,b'149',b' ',0.5481796,b' ',b'RRab',15.992,b' ',15.641,b' ',15.25,b' ',b'v149',b'Cl* NGC 5272 SAW V149',205.55904999999998,28.39307222222222,15.992,15.641,205.55904999999998,28.39307222222222,1.1424778351356009
374,b'149',b' ',0.5481796,b' ',b'RRab',15.992,b' ',15.641,b' ',15.25,b' ',b'v149',b'Cl* NGC 5272 SAW V149',205.55904999999998,28.39307222222222,15.992,15.641,205.55904999999998,28.39307222222222,1.1424778351356009
457,b'258',b' ',0.713396,b' ',b'RRab',15.984,b' ',15.587,b' ',15.068,b' ',b'v258',b'Cl* NGC 5272 SAW V258',205.55962499999998,28.39208333333333,15.984,15.587,205.55962499999998,28.39208333333333,1.1142392364290064
220,b'258',b' ',0.713396,b' ',b'RRab',15.984,b' ',15.587,b' ',15.068,b' ',b'v258',b'Cl* NGC 5272 SAW V258',205.55962499999998,28.39208333333333,15.984,15.587,205.55962499999998,28.39208333333333,1.1142392364290064
268,b' 32',b' ',0.4953506,b' ',b'RRab',15.924,b' ',15.675,b' ',15.244,b' ',b'v032',b'Cl* NGC 5272 SAW V 32',205.55237499999998,28.395141666666664,15.924,15.675,205.55237499999998,28.395141666666664,1.0978852335281477
31,b' 32',b' ',0.4953506,b' ',b'RRab',15.924,b' ',15.675,b' ',15.244,b' ',b'v032',b'Cl* NGC 5272 SAW V 32',205.55237499999998,28.395141666666664,15.924,15.675,205.55237499999998,28.395141666666664,1.0978852335281477
395,b'176',b' ',0.5396109,b' ',b'RRab',16.128,b' ',15.707,b' ',15.224,b' ',b'v176',b'Cl* NGC 5272 SAW V176',205.56272499999997,28.387699999999995,16.128,15.707,205.56272499999997,28.387699999999995,1.0621633942084787
158,b'176',b' ',0.5396109,b' ',b'RRab',16.128,b' ',15.707,b' ',15.224,b' ',b'v176',b'Cl* NGC 5272 SAW V176',205.56272499999997,28.387699999999995,16.128,15.707,205.56272499999997,28.387699999999995,1.0621633942084787
130,b'142',b' ',0.5686274,b' ',b'RRab',16.029,b' ',15.679,b' ',15.266,b' ',b'v142',b'Cl* NGC 5272 SAW V142',205.53924166666664,28.362241666666662,16.029,15.679,205.53924166666664,28.362241666666662,1.0568002204779905
367,b'142',b' ',0.5686274,b' ',b'RRab',16.029,b' ',15.679,b' ',15.266,b' ',b'v142',b'Cl* NGC 5272 SAW V142',205.53924166666664,28.362241666666662,16.029,15.679,205.53924166666664,28.362241666666662,1.0568002204779905
358,b'132',b' ',0.339856,b' ',b'RRc',15.895,b' ',15.622,b' ',15.249,b' ',b'v132',b'Cl* NGC 5272 SAW V132',205.53190416666664,28.372202777777773,15.895,15.622,205.53190416666664,28.372202777777773,1.0364353025066604
121,b'132',b' ',0.339856,b' ',b'RRc',15.895,b' ',15.622,b' ',15.249,b' ',b'v132',b'Cl* NGC 5272 SAW V132',205.53190416666664,28.372202777777773,15.895,15.622,205.53190416666664,28.372202777777773,1.0364353025066604
360,b'134',b' ',0.6180597,b' ',b'RRab',15.971,b' ',15.663,b' ',15.139,b' ',b'v134',b'Cl* NGC 5272 SAW V134',205.54158749999996,28.393136111111108,15.971,15.663,205.54158749999996,28.393136111111108,1.0360035438868582
123,b'134',b' ',0.6180597,b' ',b'RRab',15.971,b' ',15.663,b' ',15.139,b' ',b'v134',b'Cl* NGC 5272 SAW V134',205.54158749999996,28.393136111111108,15.971,15.663,205.54158749999996,28.393136111111108,1.0360035438868582
363,b'137',b' ',0.5751482,b' ',b'RRab',15.95,b' ',15.619,b' ',15.196,b' ',b'v137',b'Cl* NGC 5272 SAW V137',205.56507499999998,28.373155555555552,15.95,15.619,205.56507499999998,28.373155555555552,1.0296751463972913
126,b'137',b' ',0.5751482,b' ',b'RRab',15.95,b' ',15.619,b' ',15.196,b' ',b'v137',b'Cl* NGC 5272 SAW V137',205.56507499999998,28.373155555555552,15.95,15.619,205.56507499999998,28.373155555555552,1.0296751463972913
182,b'211',b' ',0.558205,b' ',b'RRab',15.948,b' ',15.76,b' ',15.227,b' ',b'v211',b'Cl* NGC 5272 SAW V211',205.53154999999998,28.380316666666662,15.948,15.76,205.53154999999998,28.380316666666662,1.0282633446751523
419,b'211',b' ',0.558205,b' ',b'RRab',15.948,b' ',15.76,b' ',15.227,b' ',b'v211',b'Cl* NGC 5272 SAW V211',205.53154999999998,28.380316666666662,15.948,15.76,205.53154999999998,28.380316666666662,1.0282633446751523
401,b'186',b' ',0.663423,b' ',b'RRab',15.931,b' ',15.613,b' ',15.095,b' ',b'v186',b'Cl* NGC 5272 SAW V186',205.55285833333332,28.361222222222217,15.931,15.613,205.55285833333332,28.361222222222217,0.99948225285781
164,b'186',b' ',0.663423,b' ',b'RRab',15.931,b' ',15.613,b' ',15.095,b' ',b'v186',b'Cl* NGC 5272 SAW V186',205.55285833333332,28.361222222222217,15.931,15.613,205.55285833333332,28.361222222222217,0.99948225285781
394,b'175',b' ',0.569697,b' ',b'RRab',16.026,b' ',15.665,b' ',15.169,b' ',b'v175',b'Cl* NGC 5272 SAW V175',205.56176666666664,28.385952777777774,16.026,15.665,205.56176666666664,28.385952777777774,0.955318749829058
157,b'175',b' ',0.569697,b' ',b'RRab',16.026,b' ',15.665,b' ',15.169,b' ',b'v175',b'Cl* NGC 5272 SAW V175',205.56176666666664,28.385952777777774,16.026,15.665,205.56176666666664,28.385952777777774,0.955318749829058
135,b'147',b' ',0.3464809,b' ',b'RRc',15.943,b' ',15.722,b' ',15.3,b' ',b'v147',b'Cl* NGC 5272 SAW V147',205.54162499999998,28.39147222222222,15.943,15.722,205.54162499999998,28.39147222222222,0.9441606080421889
372,b'147',b' ',0.3464809,b' ',b'RRc',15.943,b' ',15.722,b' ',15.3,b' ',b'v147',b'Cl* NGC 5272 SAW V147',205.54162499999998,28.39147222222222,15.943,15.722,205.54162499999998,28.39147222222222,0.9441606080421889
384,b'161',b' ',0.526495,b' ',b'RRab',15.966,b' ',15.693,b' ',15.221,b' ',b'v161',b'Cl* NGC 5272 SAW V161',205.55399583333332,28.362655555555552,15.966,15.693,205.55399583333332,28.362655555555552,0.9389974651779771
147,b'161',b' ',0.526495,b' ',b'RRab',15.966,b' ',15.693,b' ',15.221,b' ',b'v161',b'Cl* NGC 5272 SAW V161',205.55399583333332,28.362655555555552,15.966,15.693,205.55399583333332,28.362655555555552,0.9389974651779771
416,b'208',b' ',0.3383847,b' ',b'RRc',15.853,b' ',15.698,b' ',15.323,b' ',b'v208',b'Cl* NGC 5272 SAW V208',205.5491958333333,28.36243055555555,15.853,15.698,205.5491958333333,28.36243055555555,0.8920146801545753
179,b'208',b' ',0.3383847,b' ',b'RRc',15.853,b' ',15.698,b' ',15.323,b' ',b'v208',b'Cl* NGC 5272 SAW V208',205.5491958333333,28.36243055555555,15.853,15.698,205.5491958333333,28.36243055555555,0.8920146801545753
124,b'135',b' ',0.568392,b' ',b'RRab',15.965,b' ',15.706,b' ',15.228,b' ',b'v135',b'Cl* NGC 5272 SAW V135',205.53994999999998,28.389136111111107,15.965,15.706,205.53994999999998,28.389136111111107,0.8742551232024661
361,b'135',b' ',0.568392,b' ',b'RRab',15.965,b' ',15.706,b' ',15.228,b' ',b'v135',b'Cl* NGC 5272 SAW V135',205.53994999999998,28.389136111111107,15.965,15.706,205.53994999999998,28.389136111111107,0.8742551232024661
435,b'235',b' ',0.759846,b' ',b'RRab',15.86,b' ',15.526,b' ',14.961,b' ',b'v235',b'Cl* NGC 5272 SAW V235',205.55734166666664,28.38871944444444,15.86,15.526,205.55734166666664,28.38871944444444,0.8707177597299882
198,b'235',b' ',0.759846,b' ',b'RRab',15.86,b' ',15.526,b' ',14.961,b' ',b'v235',b'Cl* NGC 5272 SAW V235',205.55734166666664,28.38871944444444,15.86,15.526,205.55734166666664,28.38871944444444,0.8707177597299882
445,b'247',b' ',0.6053555,b' ',b'RRab',16.05,b' ',15.67,b' ',15.174,b' ',b'v247',b'Cl* NGC 5272 SAW V247',205.56143749999998,28.370977777777775,16.05,15.67,205.56143749999998,28.370977777777775,0.8679071299833668
208,b'247',b' ',0.6053555,b' ',b'RRab',16.05,b' ',15.67,b' ',15.174,b' ',b'v247',b'Cl* NGC 5272 SAW V247',205.56143749999998,28.370977777777775,16.05,15.67,205.56143749999998,28.370977777777775,0.8679071299833668
388,b'168',b' ',0.2759408,b' ',b'RRc',15.772,b' ',15.617,b' ',15.274,b' ',b'v168',b'Cl* NGC 5272 SAW V168',205.53432499999997,28.38050555555555,15.772,15.617,205.53432499999997,28.38050555555555,0.8673681266421316
151,b'168',b' ',0.2759408,b' ',b'RRc',15.772,b' ',15.617,b' ',15.274,b' ',b'v168',b'Cl* NGC 5272 SAW V168',205.53432499999997,28.38050555555555,15.772,15.617,205.53432499999997,28.38050555555555,0.8673681266421316
128,b'139',b' ',0.56,b' ',b'RRab',15.841,b' ',15.587,b' ',15.16,b' ',b'v139',b'Cl* NGC 5272 SAW V139',205.55932916666663,28.386188888888885,15.841,15.587,205.55932916666663,28.386188888888885,0.8453805610143958
365,b'139',b' ',0.56,b' ',b'RRab',15.841,b' ',15.587,b' ',15.16,b' ',b'v139',b'Cl* NGC 5272 SAW V139',205.55932916666663,28.386188888888885,15.841,15.587,205.55932916666663,28.386188888888885,0.8453805610143958
458,b'259',b' ',0.3335311,b' ',b'RRc',15.968,b' ',15.72,b' ',15.309,b' ',b'v259',b'Cl* NGC 5272 SAW V259',205.5613833333333,28.381772222222217,15.968,15.72,205.5613833333333,28.381772222222217,0.8234631283641127
221,b'259',b' ',0.3335311,b' ',b'RRc',15.968,b' ',15.72,b' ',15.309,b' ',b'v259',b'Cl* NGC 5272 SAW V259',205.5613833333333,28.381772222222217,15.968,15.72,205.5613833333333,28.381772222222217,0.8234631283641127
389,b'170',b' ',0.4323323,b' ',b'RRc(?)',15.59,b' ',15.406,b' ',15.039,b' ',b'v170',b'Cl* NGC 5272 SAW V170',205.5396708333333,28.387561111111108,15.59,15.406,205.5396708333333,28.387561111111108,0.8099797361331277
152,b'170',b' ',0.4323323,b' ',b'RRc(?)',15.59,b' ',15.406,b' ',15.039,b' ',b'v170',b'Cl* NGC 5272 SAW V170',205.5396708333333,28.387561111111108,15.59,15.406,205.5396708333333,28.387561111111108,0.8099797361331277
415,b'207',b' ',0.345307,b' ',b'RRc',15.819,b' ',15.617,b' ',15.315,b' ',b'v207',b'Cl* NGC 5272 SAW V207',205.5596708333333,28.370044444444442,15.819,15.617,205.5596708333333,28.370044444444442,0.8027029834312196
178,b'207',b' ',0.345307,b' ',b'RRc',15.819,b' ',15.617,b' ',15.315,b' ',b'v207',b'Cl* NGC 5272 SAW V207',205.5596708333333,28.370044444444442,15.819,15.617,205.5596708333333,28.370044444444442,0.8027029834312196
125,b'136',b' ',0.617179,b' ',b'RRab',15.957,b' ',15.616,b' ',15.161,b' ',b'v136',b'Cl* NGC 5272 SAW V136',205.54034166666665,28.38780833333333,15.957,15.616,205.54034166666665,28.38780833333333,0.7962247333516542
362,b'136',b' ',0.617179,b' ',b'RRab',15.957,b' ',15.616,b' ',15.161,b' ',b'v136',b'Cl* NGC 5272 SAW V136',205.54034166666665,28.38780833333333,15.957,15.616,205.54034166666665,28.38780833333333,0.7962247333516542
155,b'173',b' ',0.6070027,b' ',b'RRab',15.901,b' ',15.622,b' ',15.123,b' ',b'v173',b'Cl* NGC 5272 SAW V173',205.54459583333332,28.389386111111108,15.901,15.622,205.54459583333332,28.389386111111108,0.7618446580141645
392,b'173',b' ',0.6070027,b' ',b'RRab',15.901,b' ',15.622,b' ',15.123,b' ',b'v173',b'Cl* NGC 5272 SAW V173',205.54459583333332,28.389386111111108,15.901,15.622,205.54459583333332,28.389386111111108,0.7618446580141645
381,b'157',b' ',0.542851,b' ',b'RRab',15.985,b' ',15.728,b' ',15.288,b' ',b'v157',b'Cl* NGC 5272 SAW V157',205.54286249999998,28.388463888888886,15.985,15.728,205.54286249999998,28.388463888888886,0.7493705645039764
144,b'157',b' ',0.542851,b' ',b'RRab',15.985,b' ',15.728,b' ',15.288,b' ',b'v157',b'Cl* NGC 5272 SAW V157',205.54286249999998,28.388463888888886,15.985,15.728,205.54286249999998,28.388463888888886,0.7493705645039764
380,b'156',b' ',0.531986,b' ',b'RRab',15.919,b' ',15.681,b' ',15.282,b' ',b'v156',b'Cl* NGC 5272 SAW V156',205.54209583333332,28.36699444444444,15.919,15.681,205.54209583333332,28.36699444444444,0.7241765251733174
143,b'156',b' ',0.531986,b' ',b'RRab',15.919,b' ',15.681,b' ',15.282,b' ',b'v156',b'Cl* NGC 5272 SAW V156',205.54209583333332,28.36699444444444,15.919,15.681,205.54209583333332,28.36699444444444,0.7241765251733174
368,b'143',b' ',0.596535,b' ',b'RRab',15.662,b' ',15.396,b' ',14.993,b' ',b'v143',b'Cl* NGC 5272 SAW V143',205.53793749999997,28.383063888888884,15.662,15.396,205.53793749999997,28.383063888888884,0.7182154014965083
131,b'143',b' ',0.596535,b' ',b'RRab',15.662,b' ',15.396,b' ',14.993,b' ',b'v143',b'Cl* NGC 5272 SAW V143',205.53793749999997,28.383063888888884,15.662,15.396,205.53793749999997,28.383063888888884,0.7182154014965083
373,b'148',b' ',0.4672693,b' ',b'RRab',16.026,b' ',15.752,b' ',15.343,b' ',b'v148',b'Cl* NGC 5272 SAW V148',205.54629583333332,28.388994444444442,16.026,15.752,205.54629583333332,28.388994444444442,0.7144627349353334
136,b'148',b' ',0.4672693,b' ',b'RRab',16.026,b' ',15.752,b' ',15.343,b' ',b'v148',b'Cl* NGC 5272 SAW V148',205.54629583333332,28.388994444444442,16.026,15.752,205.54629583333332,28.388994444444442,0.7144627349353334
183,b'212',b' ',0.5421882,b' ',b'RRab',15.919,b' ',15.622,b' ',15.411,b':',b'v212',b'Cl* NGC 5272 SAW V212',205.54140416666664,28.367738888888884,15.919,15.622,205.54140416666664,28.367738888888884,0.7102879225682976
420,b'212',b' ',0.5421882,b' ',b'RRab',15.919,b' ',15.622,b' ',15.411,b':',b'v212',b'Cl* NGC 5272 SAW V212',205.54140416666664,28.367738888888884,15.919,15.622,205.54140416666664,28.367738888888884,0.7102879225682976
188,b'218',b' ',0.544862,b' ',b'RRab',16.075,b' ',15.658,b' ',15.244,b' ',b'v218',b'Cl* NGC 5272 SAW V218',205.55741666666665,28.369986111111107,16.075,15.658,205.55741666666665,28.369986111111107,0.6949882160465936
425,b'218',b' ',0.544862,b' ',b'RRab',16.075,b' ',15.658,b' ',15.244,b' ',b'v218',b'Cl* NGC 5272 SAW V218',205.55741666666665,28.369986111111107,16.075,15.658,205.55741666666665,28.369986111111107,0.6949882160465936
434,b'234',b' ',0.508039,b' ',b'RRab',15.963,b' ',15.645,b' ',15.428,b' ',b'v234',b'Cl* NGC 5272 SAW V234',205.55454166666664,28.36747222222222,15.963,15.645,205.55454166666664,28.36747222222222,0.693661916048835
197,b'234',b' ',0.508039,b' ',b'RRab',15.963,b' ',15.645,b' ',15.428,b' ',b'v234',b'Cl* NGC 5272 SAW V234',205.55454166666664,28.36747222222222,15.963,15.645,205.55454166666664,28.36747222222222,0.693661916048835
467,b'271',b' ',0.632794,b' ',b'RRab',15.997,b' ',15.624,b' ',15.175,b' ',b'v271',b'Cl* NGC 5272 SAW V271',205.55066666666664,28.388499999999997,15.997,15.624,205.55066666666664,28.388499999999997,0.6867870310360937
230,b'271',b' ',0.632794,b' ',b'RRab',15.997,b' ',15.624,b' ',15.175,b' ',b'v271',b'Cl* NGC 5272 SAW V271',205.55066666666664,28.388499999999997,15.997,15.624,205.55066666666664,28.388499999999997,0.6867870310360937
166,b'188',b' ',0.26652823,b' ',b'RRc',15.944,b' ',15.782,b' ',15.527,b' ',b'v188',b'Cl* NGC 5272 SAW V188',205.54029166666663,28.385180555555554,15.944,15.782,205.54029166666663,28.385180555555554,0.680070244249221
403,b'188',b' ',0.26652823,b' ',b'RRc',15.944,b' ',15.782,b' ',15.527,b' ',b'v188',b'Cl* NGC 5272 SAW V188',205.54029166666663,28.385180555555554,15.944,15.782,205.54029166666663,28.385180555555554,0.680070244249221
146,b'160',b' ',0.65733,b' ',b'RRab',15.82,b' ',15.538,b' ',15.086,b' ',b'v160',b'Cl* NGC 5272 SAW V160',205.54588749999996,28.366474999999998,15.82,15.538,205.54588749999996,28.366474999999998,0.6656391353435094
383,b'160',b' ',0.65733,b' ',b'RRab',15.82,b' ',15.538,b' ',15.086,b' ',b'v160',b'Cl* NGC 5272 SAW V160',205.54588749999996,28.366474999999998,15.82,15.538,205.54588749999996,28.366474999999998,0.6656391353435094
190,b'220',b' ',0.6001119,b' ',b'RRab',15.946,b' ',15.71,b' ',15.197,b' ',b'v220',b'Cl* NGC 5272 SAW V220',205.55900416666665,28.374355555555553,15.946,15.71,205.55900416666665,28.374355555555553,0.6590286788979063
427,b'220',b' ',0.6001119,b' ',b'RRab',15.946,b' ',15.71,b' ',15.197,b' ',b'v220',b'Cl* NGC 5272 SAW V220',205.55900416666665,28.374355555555553,15.946,15.71,205.55900416666665,28.374355555555553,0.6590286788979063
184,b'213',b' ',0.299955,b' ',b'RRc',15.677,b' ',15.501,b' ',15.151,b' ',b'v213',b'Cl* NGC 5272 SAW V213',205.54019999999997,28.370091666666664,15.677,15.501,205.54019999999997,28.370091666666664,0.654884734897732
421,b'213',b' ',0.299955,b' ',b'RRc',15.677,b' ',15.501,b' ',15.151,b' ',b'v213',b'Cl* NGC 5272 SAW V213',205.54019999999997,28.370091666666664,15.677,15.501,205.54019999999997,28.370091666666664,0.654884734897732
154,b'172',b' ',0.5422899,b' ',b'RRab',15.995,b' ',15.741,b' ',15.276,b' ',b'v172',b'Cl* NGC 5272 SAW V172',205.54191249999997,28.385705555555553,15.995,15.741,205.54191249999997,28.385705555555553,0.6387564634606171
391,b'172',b' ',0.5422899,b' ',b'RRab',15.995,b' ',15.741,b' ',15.276,b' ',b'v172',b'Cl* NGC 5272 SAW V172',205.54191249999997,28.385705555555553,15.995,15.741,205.54191249999997,28.385705555555553,0.6387564634606171
139,b'151',b' ',0.5168247,b' ',b'RRab',15.928,b':',15.621,b' ',15.26,b' ',b'v151',b'Cl* NGC 5272 SAW V151',205.5509083333333,28.36693333333333,15.928,15.621,205.5509083333333,28.36693333333333,0.6383818575113229
376,b'151',b' ',0.5168247,b' ',b'RRab',15.928,b':',15.621,b' ',15.26,b' ',b'v151',b'Cl* NGC 5272 SAW V151',205.5509083333333,28.36693333333333,15.928,15.621,205.5509083333333,28.36693333333333,0.6383818575113229
422,b'214',b' ',0.53952,b' ',b'RRab',15.911,b' ',15.706,b' ',15.305,b' ',b'v214',b'Cl* NGC 5272 SAW V214',205.558475,28.380130555555553,15.911,15.706,205.558475,28.380130555555553,0.6273551921439042
185,b'214',b' ',0.53952,b' ',b'RRab',15.911,b' ',15.706,b' ',15.305,b' ',b'v214',b'Cl* NGC 5272 SAW V214',205.558475,28.380130555555553,15.911,15.706,205.558475,28.380130555555553,0.6273551921439042
153,b'171',b' ',0.3033,b' ',b'RRc',15.811,b' ',15.613,b' ',15.427,b' ',b'v171',b'Cl* NGC 5272 SAW V171',205.54004166666664,28.38315555555555,15.811,15.613,205.54004166666664,28.38315555555555,0.6138996229944974
390,b'171',b' ',0.3033,b' ',b'RRc',15.811,b' ',15.613,b' ',15.427,b' ',b'v171',b'Cl* NGC 5272 SAW V171',205.54004166666664,28.38315555555555,15.811,15.613,205.54004166666664,28.38315555555555,0.6138996229944974
399,b'181',b' ',0.6638463,b' ',b'RRab',15.87,b' ',15.528,b' ',,b' ',b'v181',b'Cl* NGC 5272 SAW V181',205.53926666666663,28.373613888888887,15.87,15.528,205.53926666666663,28.373613888888887,0.5913233129573201
162,b'181',b' ',0.6638463,b' ',b'RRab',15.87,b' ',15.528,b' ',,b' ',b'v181',b'Cl* NGC 5272 SAW V181',205.53926666666663,28.373613888888887,15.87,15.528,205.53926666666663,28.373613888888887,0.5913233129573201
437,b'239',b' ',0.503982,b' ',b'RRab',15.815,b' ',15.7,b' ',15.258,b' ',b'v239',b'Cl* NGC 5272 SAW V239',205.54112499999997,28.37108333333333,15.815,15.7,205.54112499999997,28.37108333333333,0.5739971045240968
200,b'239',b' ',0.503982,b' ',b'RRab',15.815,b' ',15.7,b' ',15.258,b' ',b'v239',b'Cl* NGC 5272 SAW V239',205.54112499999997,28.37108333333333,15.815,15.7,205.54112499999997,28.37108333333333,0.5739971045240968
398,b'180',b' ',0.6091004,b' ',b'RRab',16.017,b' ',15.679,b' ',15.336,b' ',b'v180',b'Cl* NGC 5272 SAW V180',205.54112499999997,28.37108333333333,16.017,15.679,205.54112499999997,28.37108333333333,0.5739971045240968
161,b'180',b' ',0.6091004,b' ',b'RRab',16.017,b' ',15.679,b' ',15.336,b' ',b'v180',b'Cl* NGC 5272 SAW V180',205.54112499999997,28.37108333333333,16.017,15.679,205.54112499999997,28.37108333333333,0.5739971045240968
168,b'190',b' ',0.522797,b' ',b'RRab',15.929,b' ',15.683,b' ',15.222,b' ',b'v190',b'Cl* NGC 5272 SAW V190',205.5460958333333,28.386508333333328,15.929,15.683,205.5460958333333,28.386508333333328,0.5711063635612174
405,b'190',b' ',0.522797,b' ',b'RRab',15.929,b' ',15.683,b' ',15.222,b' ',b'v190',b'Cl* NGC 5272 SAW V190',205.5460958333333,28.386508333333328,15.929,15.683,205.5460958333333,28.386508333333328,0.5711063635612174
133,b'145',b' ',0.514488,b' ',b'RRab',15.752,b' ',15.499,b' ',14.96,b' ',b'v145',b'Cl* NGC 5272 SAW V145',205.55709999999996,28.381052777777775,15.752,15.499,205.55709999999996,28.381052777777775,0.5681602536038581
370,b'145',b' ',0.514488,b' ',b'RRab',15.752,b' ',15.499,b' ',14.96,b' ',b'v145',b'Cl* NGC 5272 SAW V145',205.55709999999996,28.381052777777775,15.752,15.499,205.55709999999996,28.381052777777775,0.5681602536038581
206,b'245',b' ',0.2840324,b' ',b'RRc',15.853,b' ',15.689,b' ',15.338,b' ',b'v245',b'Cl* NGC 5272 SAW V245',205.5412333333333,28.38321944444444,15.853,15.689,205.5412333333333,28.38321944444444,0.5593317862523983
443,b'245',b' ',0.2840324,b' ',b'RRc',15.853,b' ',15.689,b' ',15.338,b' ',b'v245',b'Cl* NGC 5272 SAW V245',205.5412333333333,28.38321944444444,15.853,15.689,205.5412333333333,28.38321944444444,0.5593317862523983
187,b'216',b' ',0.3464803,b' ',b'RRc',15.908,b' ',15.667,b' ',15.482,b' ',b'v216',b'Cl* NGC 5272 SAW V216',205.55739999999997,28.37549166666666,15.908,15.667,205.55739999999997,28.37549166666666,0.549580581896864
424,b'216',b' ',0.3464803,b' ',b'RRc',15.908,b' ',15.667,b' ',15.482,b' ',b'v216',b'Cl* NGC 5272 SAW V216',205.55739999999997,28.37549166666666,15.908,15.667,205.55739999999997,28.37549166666666,0.549580581896864
201,b'240',b' ',0.2760172,b' ',b'RRc',15.609,b' ',15.508,b' ',15.043,b' ',b'v240',b'Cl* NGC 5272 SAW V240',205.53941666666665,28.37647222222222,15.609,15.508,205.53941666666665,28.37647222222222,0.5421147514861084
438,b'240',b' ',0.2760172,b' ',b'RRc',15.609,b' ',15.508,b' ',15.043,b' ',b'v240',b'Cl* NGC 5272 SAW V240',205.53941666666665,28.37647222222222,15.609,15.508,205.53941666666665,28.37647222222222,0.5421147514861084
404,b'189',b' ',0.61294,b' ',b'RRab',16.116,b' ',15.687,b' ',15.175,b' ',b'v189',b'Cl* NGC 5272 SAW V189',205.54070416666664,28.372791666666664,16.116,15.687,205.54070416666664,28.372791666666664,0.5352813451835785
167,b'189',b' ',0.61294,b' ',b'RRab',16.116,b' ',15.687,b' ',15.175,b' ',b'v189',b'Cl* NGC 5272 SAW V189',205.54070416666664,28.372791666666664,16.116,15.687,205.54070416666664,28.372791666666664,0.5352813451835785
218,b'256',b' ',0.3180587,b' ',b'RRc',15.894,b' ',15.692,b' ',15.412,b' ',b'v256',b'Cl* NGC 5272 SAW V256',205.5551083333333,28.382952777777774,15.894,15.692,205.5551083333333,28.382952777777774,0.526503944691403
455,b'256',b' ',0.3180587,b' ',b'RRc',15.894,b' ',15.692,b' ',15.412,b' ',b'v256',b'Cl* NGC 5272 SAW V256',205.5551083333333,28.382952777777774,15.894,15.692,205.5551083333333,28.382952777777774,0.526503944691403
442,b'244',b' ',0.5378472,b' ',b'RRab',15.84,b':',15.682,b' ',15.309,b':',b'v244',b'Cl* NGC 5272 SAW V244',205.53998749999997,28.37927222222222,15.84,15.682,205.53998749999997,28.37927222222222,0.5196863345133821
205,b'244',b' ',0.5378472,b' ',b'RRab',15.84,b':',15.682,b' ',15.309,b':',b'v244',b'Cl* NGC 5272 SAW V244',205.53998749999997,28.37927222222222,15.84,15.682,205.53998749999997,28.37927222222222,0.5196863345133821
393,b'174',b' ',0.5913187,b' ',b'RRab',15.988,b' ',15.722,b' ',15.361,b' ',b'v174',b'Cl* NGC 5272 SAW V174',205.54600416666665,28.36906666666666,15.988,15.722,205.54600416666665,28.36906666666666,0.5134349506029361
156,b'174',b' ',0.5913187,b' ',b'RRab',15.988,b' ',15.722,b' ',15.361,b' ',b'v174',b'Cl* NGC 5272 SAW V174',205.54600416666665,28.36906666666666,15.988,15.722,205.54600416666665,28.36906666666666,0.5134349506029361
226,b'266',b' ',0.3424518,b' ',b'RRc',15.834,b' ',15.508,b' ',15.307,b' ',b'v266',b'Cl* NGC 5272 SAW V266',205.54010416666665,28.378830555555552,15.834,15.508,205.54010416666665,28.378830555555552,0.5073464197293374
463,b'266',b' ',0.3424518,b' ',b'RRc',15.834,b' ',15.508,b' ',15.307,b' ',b'v266',b'Cl* NGC 5272 SAW V266',205.54010416666665,28.378830555555552,15.834,15.508,205.54010416666665,28.378830555555552,0.5073464197293374
400,b'184',b' ',0.5312073,b' ',b'RRab',15.948,b' ',15.66,b' ',,b' ',b'v184',b'Cl* NGC 5272 SAW V184',205.54047916666664,28.374466666666663,15.948,15.66,205.54047916666664,28.374466666666663,0.5051818172713765
163,b'184',b' ',0.5312073,b' ',b'RRab',15.948,b' ',15.66,b' ',,b' ',b'v184',b'Cl* NGC 5272 SAW V184',205.54047916666664,28.374466666666663,15.948,15.66,205.54047916666664,28.374466666666663,0.5051818172713765
209,b'248',b' ',0.5097854,b' ',b'RRab',16.042,b' ',15.603,b' ',15.248,b' ',b'v248',b'Cl* NGC 5272 SAW V248',205.54096666666663,28.380722222222218,16.042,15.603,205.54096666666663,28.380722222222218,0.49244658977355965
402,b'187',b' ',0.586257,b' ',b'RRab',16.094,b' ',15.709,b' ',15.269,b' ',b'v187',b'Cl* NGC 5272 SAW V187',205.54096666666663,28.380722222222218,16.094,15.709,205.54096666666663,28.380722222222218,0.49244658977355965
446,b'248',b' ',0.5097854,b' ',b'RRab',16.042,b' ',15.603,b' ',15.248,b' ',b'v248',b'Cl* NGC 5272 SAW V248',205.54096666666663,28.380722222222218,16.042,15.603,205.54096666666663,28.380722222222218,0.49244658977355965
165,b'187',b' ',0.586257,b' ',b'RRab',16.094,b' ',15.709,b' ',15.269,b' ',b'v187',b'Cl* NGC 5272 SAW V187',205.54096666666663,28.380722222222218,16.094,15.709,205.54096666666663,28.380722222222218,0.49244658977355965
169,b'191',b' ',0.519206,b' ',b'RRab',15.926,b':',15.702,b' ',15.321,b' ',b'v191',b'Cl* NGC 5272 SAW V191',205.54913749999997,28.385055555555553,15.926,15.702,205.54913749999997,28.385055555555553,0.46871671573653273
406,b'191',b' ',0.519206,b' ',b'RRab',15.926,b':',15.702,b' ',15.321,b' ',b'v191',b'Cl* NGC 5272 SAW V191',205.54913749999997,28.385055555555553,15.926,15.702,205.54913749999997,28.385055555555553,0.46871671573653273
193,b'223',b' ',0.3291883,b' ',b'RRc',15.811,b' ',15.576,b' ',15.284,b' ',b'v223',b'Cl* NGC 5272 SAW V223',205.5561833333333,28.37672222222222,15.811,15.576,205.5561833333333,28.37672222222222,0.46722722927523563
430,b'223',b' ',0.3291883,b' ',b'RRc',15.811,b' ',15.576,b' ',15.284,b' ',b'v223',b'Cl* NGC 5272 SAW V223',205.5561833333333,28.37672222222222,15.811,15.576,205.5561833333333,28.37672222222222,0.46722722927523563
409,b'195',b' ',0.64408,b' ',b'RRab',15.953,b' ',15.606,b' ',15.169,b':',b'v195',b'Cl* NGC 5272 SAW V195',205.54472916666663,28.37049722222222,15.953,15.606,205.54472916666663,28.37049722222222,0.4630434712626914
172,b'195',b' ',0.64408,b' ',b'RRab',15.953,b' ',15.606,b' ',15.169,b':',b'v195',b'Cl* NGC 5272 SAW V195',205.54472916666663,28.37049722222222,15.953,15.606,205.54472916666663,28.37049722222222,0.4630434712626914
203,b'242',b' ',0.5964335,b' ',b'RRab',15.993,b' ',15.576,b' ',,b' ',b'v242',b'Cl* NGC 5272 SAW V242',205.55500416666663,28.373377777777772,15.993,15.576,205.55500416666663,28.373377777777772,0.45933467785073495
440,b'242',b' ',0.5964335,b' ',b'RRab',15.993,b' ',15.576,b' ',,b' ',b'v242',b'Cl* NGC 5272 SAW V242',205.55500416666663,28.373377777777772,15.993,15.576,205.55500416666663,28.373377777777772,0.45933467785073495
174,b'200',b' ',0.3610002,b' ',b'RRd',15.934,b' ',15.561,b' ',15.035,b' ',b'v200',b'Cl* NGC 5272 SAW V200',205.54709166666663,28.384513888888886,15.934,15.561,205.54709166666663,28.384513888888886,0.4414239577149162
411,b'200',b' ',0.3610002,b' ',b'RRd',15.934,b' ',15.561,b' ',15.035,b' ',b'v200',b'Cl* NGC 5272 SAW V200',205.54709166666663,28.384513888888886,15.934,15.561,205.54709166666663,28.384513888888886,0.4414239577149162
145,b'159',b' ',0.53389,b' ',b'RRab',15.678,b' ',15.38,b' ',14.903,b' ',b'v159',b'Cl* NGC 5272 SAW V159',205.5440458333333,28.382991666666662,15.678,15.38,205.5440458333333,28.382991666666662,0.4316489065207232
382,b'159',b' ',0.53389,b' ',b'RRab',15.678,b' ',15.38,b' ',14.903,b' ',b'v159',b'Cl* NGC 5272 SAW V159',205.5440458333333,28.382991666666662,15.678,15.38,205.5440458333333,28.382991666666662,0.4316489065207232
204,b'243',b' ',0.634627,b' ',b'RRab',15.891,b' ',15.629,b' ',15.007,b' ',b'v243',b'Cl* NGC 5272 SAW V243',205.5516833333333,28.37112222222222,15.891,15.629,205.5516833333333,28.37112222222222,0.41809607003302746
441,b'243',b' ',0.634627,b' ',b'RRab',15.891,b' ',15.629,b' ',15.007,b' ',b'v243',b'Cl* NGC 5272 SAW V243',205.5516833333333,28.37112222222222,15.891,15.629,205.5516833333333,28.37112222222222,0.41809607003302746
460,b'261',b' ',0.4448913,b' ',b'RRc(?)',15.413,b' ',15.187,b' ',15.107,b' ',b'v261',b'Cl* NGC 5272 SAW V261',205.54199999999997,28.377888888888886,15.413,15.187,205.54199999999997,28.377888888888886,0.3867066982169047
223,b'261',b' ',0.4448913,b' ',b'RRc(?)',15.413,b' ',15.187,b' ',15.107,b' ',b'v261',b'Cl* NGC 5272 SAW V261',205.54199999999997,28.377888888888886,15.413,15.187,205.54199999999997,28.377888888888886,0.3867066982169047
210,b'249',b' ',0.5330032,b' ',b'RRab',15.879,b' ',15.64,b' ',15.123,b' ',b'v249',b'Cl* NGC 5272 SAW V249',205.5429583333333,28.38005555555555,15.879,15.64,205.5429583333333,28.38005555555555,0.3674552858680145
447,b'249',b' ',0.5330032,b' ',b'RRab',15.879,b' ',15.64,b' ',15.123,b' ',b'v249',b'Cl* NGC 5272 SAW V249',205.5429583333333,28.38005555555555,15.879,15.64,205.5429583333333,28.38005555555555,0.3674552858680145
171,b'194',b' ',0.4892,b' ',b'RRab',15.772,b':',15.628,b' ',15.255,b' ',b'v194',b'Cl* NGC 5272 SAW V194',205.5539333333333,28.375086111111106,15.772,15.628,205.5539333333333,28.375086111111106,0.35618458759926885
408,b'194',b' ',0.4892,b' ',b'RRab',15.772,b':',15.628,b' ',15.255,b' ',b'v194',b'Cl* NGC 5272 SAW V194',205.5539333333333,28.375086111111106,15.772,15.628,205.5539333333333,28.375086111111106,0.35618458759926885
449,b'250',b's',0.5861391,b' ',b'RRab',15.743,b' ',15.49,b' ',15.344,b' ',b'v250n+s',b'Cl* NGC 5272 SAW V250s',205.54391666666663,28.381138888888884,15.743,15.49,205.54391666666663,28.381138888888884,0.35576603329371215
212,b'250',b's',0.5861391,b' ',b'RRab',15.743,b' ',15.49,b' ',15.344,b' ',b'v250n+s',b'Cl* NGC 5272 SAW V250s',205.54391666666663,28.381138888888884,15.743,15.49,205.54391666666663,28.381138888888884,0.35576603329371215
428,b'221',b' ',0.3787879,b' ',b'RRc',15.52,b' ',15.499,b' ',15.283,b' ',b'v221',b'Cl* NGC 5272 SAW V221',205.54312916666663,28.37466944444444,15.52,15.499,205.54312916666663,28.37466944444444,0.3536945428087157
191,b'221',b' ',0.3787879,b' ',b'RRc',15.52,b' ',15.499,b' ',15.283,b' ',b'v221',b'Cl* NGC 5272 SAW V221',205.54312916666663,28.37466944444444,15.52,15.499,205.54312916666663,28.37466944444444,0.3536945428087157
453,b'254',b' ',0.605656,b' ',b'RRab',15.772,b' ',15.531,b' ',15.193,b' ',b'v254',b'Cl* NGC 5272 SAW V254',205.55174999999997,28.38155555555555,15.772,15.531,205.55174999999997,28.38155555555555,0.3254500531728012
216,b'254',b' ',0.605656,b' ',b'RRab',15.772,b' ',15.531,b' ',15.193,b' ',b'v254',b'Cl* NGC 5272 SAW V254',205.55174999999997,28.38155555555555,15.772,15.531,205.55174999999997,28.38155555555555,0.3254500531728012
227,b'269',b' ',0.3592861,b' ',b'RRc',15.574,b' ',15.505,b' ',15.093,b' ',b'v269',b'Cl* NGC 5272 SAW V269',205.55329166666664,28.37583333333333,15.574,15.505,205.55329166666664,28.37583333333333,0.30509453616694954
464,b'269',b' ',0.3592861,b' ',b'RRc',15.574,b' ',15.505,b' ',15.093,b' ',b'v269',b'Cl* NGC 5272 SAW V269',205.55329166666664,28.37583333333333,15.574,15.505,205.55329166666664,28.37583333333333,0.30509453616694954
224,b'263',b' ',0.2168508,b' ',b'SXPhe',17.437,b' ',17.043,b' ',17.991,b' ',b'v263',b'Cl* NGC 5272 SAW V263',205.54499166666665,28.37365833333333,17.437,17.043,205.54499166666665,28.37365833333333,0.29892290979548863
461,b'263',b' ',0.2168508,b' ',b'SXPhe',17.437,b' ',17.043,b' ',17.991,b' ',b'v263',b'Cl* NGC 5272 SAW V263',205.54499166666665,28.37365833333333,17.437,17.043,205.54499166666665,28.37365833333333,0.29892290979548863
444,b'246',b' ',0.3391374,b' ',b'RRc',15.788,b' ',15.622,b' ',15.244,b' ',b'v246',b'Cl* NGC 5272 SAW V246',205.55316666666664,28.377916666666664,15.788,15.622,205.55316666666664,28.377916666666664,0.2876122841587393
207,b'246',b' ',0.3391374,b' ',b'RRc',15.788,b' ',15.622,b' ',15.244,b' ',b'v246',b'Cl* NGC 5272 SAW V246',205.55316666666664,28.377916666666664,15.788,15.622,205.55316666666664,28.377916666666664,0.2876122841587393
170,b'193',b' ',0.74786,b' ',b'RRab',15.772,b' ',15.466,b' ',14.97,b' ',b'v193',b'Cl* NGC 5272 SAW V193',205.55307916666663,28.37654444444444,15.772,15.466,205.55307916666663,28.37654444444444,0.28322136150005206
407,b'193',b' ',0.74786,b' ',b'RRab',15.772,b' ',15.466,b' ',14.97,b' ',b'v193',b'Cl* NGC 5272 SAW V193',205.55307916666663,28.37654444444444,15.772,15.466,205.55307916666663,28.37654444444444,0.28322136150005206
217,b'255',b' ',0.5726891,b' ',b'RRab',16.004,b' ',15.581,b' ',,b' ',b'v255',b'Cl* NGC 5272 SAW V255',205.55255416666665,28.378791666666665,16.004,15.581,205.55255416666665,28.378791666666665,0.2643995054826593
454,b'255',b' ',0.5726891,b' ',b'RRab',16.004,b' ',15.581,b' ',,b' ',b'v255',b'Cl* NGC 5272 SAW V255',205.55255416666665,28.378791666666665,16.004,15.581,205.55255416666665,28.378791666666665,0.2643995054826593
186,b'215',b' ',0.528746,b' ',b'RRab',15.885,b':',15.585,b' ',15.324,b':',b'v215',b'Cl* NGC 5272 SAW V215',205.54414999999997,28.378280555555552,15.885,15.585,205.54414999999997,28.378280555555552,0.2629470804401516
423,b'215',b' ',0.528746,b' ',b'RRab',15.885,b':',15.585,b' ',15.324,b':',b'v215',b'Cl* NGC 5272 SAW V215',205.54414999999997,28.378280555555552,15.885,15.585,205.54414999999997,28.378280555555552,0.2629470804401516
462,b'264',b' ',0.356466,b' ',b'RRc',15.599,b' ',15.465,b' ',15.139,b' ',b'v264',b'Cl* NGC 5272 SAW V264',205.5450333333333,28.37518333333333,15.599,15.465,205.5450333333333,28.37518333333333,0.23869048158882683
225,b'264',b' ',0.356466,b' ',b'RRc',15.599,b' ',15.465,b' ',15.139,b' ',b'v264',b'Cl* NGC 5272 SAW V264',205.5450333333333,28.37518333333333,15.599,15.465,205.5450333333333,28.37518333333333,0.23869048158882683
450,b'251',b' ',0.4705028,b' ',b'RRd',15.714,b':',15.596,b' ',,b' ',b'v251',b'Cl* NGC 5272 SAW V251',205.54562499999997,28.376222222222218,15.714,15.596,205.54562499999997,28.376222222222218,0.17901970220737728
213,b'251',b' ',0.4705028,b' ',b'RRd',15.714,b':',15.596,b' ',,b' ',b'v251',b'Cl* NGC 5272 SAW V251',205.54562499999997,28.376222222222218,15.714,15.596,205.54562499999997,28.376222222222218,0.17901970220737728
215,b'253',b' ',0.3326257,b' ',b'RRc',15.543,b':',15.493,b' ',15.176,b' ',b'v253',b'Cl* NGC 5272 SAW V253',205.5505833333333,28.375777777777774,15.543,15.493,205.5505833333333,28.375777777777774,0.1581202193811229
452,b'253',b' ',0.3326257,b' ',b'RRc',15.543,b':',15.493,b' ',15.176,b' ',b'v253',b'Cl* NGC 5272 SAW V253',205.5505833333333,28.375777777777774,15.543,15.493,205.5505833333333,28.375777777777774,0.1581202193811229
175,b'201',b' ',0.54054,b' ',b'RRab',15.964,b' ',15.67,b' ',15.454,b' ',b'v201',b'Cl* NGC 5272 SAW V201',205.5494458333333,28.37598055555555,15.964,15.67,205.5494458333333,28.37598055555555,0.09934168113557984
412,b'201',b' ',0.54054,b' ',b'RRab',15.964,b' ',15.67,b' ',15.454,b' ',b'v201',b'Cl* NGC 5272 SAW V201',205.5494458333333,28.37598055555555,15.964,15.67,205.5494458333333,28.37598055555555,0.09934168113557984
