,Id,GaiaEDR3,Name,RAJ2000,DEJ2000,Bmag,Vmag,recno,distance
1710,221001,1454880009283805568,M3-S646     ,205.60672189395,28.49886803839,15.931,15.922,29788,8.090874389696395
1130,220362,1454796854420286464,M3-S217     ,205.41527598699,28.39792937279,19.55,19.1,29208,8.083935974399013
52,220051,0,M3-S1187    ,205.41395133336,28.3706620219,22.919,22.11,2455,8.077636797699228
1637,220847,1454878909772221184,M3-S668     ,205.65365990003,28.4612212393,18.554,17.981,29715,8.077282321340569
544,219940,1454783522842100352,M3-S170     ,205.41477780342,28.36128529867,20.291,19.83,28622,8.075496736900583
30,220074,0,M3-S1123    ,205.41398935318,28.37185983552,22.573,21.813,2433,8.072145227049857
285,218871,1454778098304070272,M3-1564     ,205.53838794629,28.24321386761,19.166,18.761,28363,8.066259801094137
777,219992,1454785000310504832,M3-S172     ,205.41449796359,28.36558698018,20.512,20.043,28855,8.065637565715562
540,219889,1454783522841744384,M3-S169     ,205.41551516851,28.35736820963,20.458,20.0,28618,8.063024705469974
447,219485,1454782457689798144,M3-S1499    ,205.42822346687,28.31739722861,18.31,17.646,28525,8.056959435849464
1636,220827,1454878909772173696,M3-S670     ,205.65564096769,28.45791879283,17.716,17.014,29714,8.04991011186156
809,220146,1454785069029999488,M3-S183     ,205.41426480611,28.37769620472,19.422,19.005,28887,8.04911093208188
496,219765,1454783316683304192,M3-S171     ,205.41727684339,28.34910983827,18.267,17.581,28574,8.04780234764161
1133,220338,1454796854427173760,M3-S216     ,205.41563110352,28.39566553646,19.803,19.378,29211,8.043126333884898
807,220099,1454785069029994112,M3-S1124    ,205.414452823,28.37391860432,20.602,20.123,28885,8.04031602665683
1128,220317,1454796854420280448,M3-S211     ,205.4156252861,28.39368303087,20.471,20.006,29206,8.028020526201859
1236,220934,1454797816493071104,M3-S539     ,205.46227205594,28.47950735728,19.278,18.84,29314,8.021132723756624
541,219945,1454783522841750784,M3-S177     ,205.41569746335,28.3617092122,19.935,19.497,28619,8.017707749414075
502,219737,1454783320982452096,M3-S174     ,205.41836590767,28.34684500058,19.111,18.64,28580,8.013793057814377
1222,220695,1454797442834960384,M3-S341     ,205.42814569473,28.43528243356,20.352,19.896,29300,8.011646269525365
336,219040,1454779777630045696,M3-1591     ,205.61247830391,28.26012774785,18.526,17.891,28414,8.011275417910536
1181,220635,1454797060578759168,M3-S312     ,205.4245376428,28.42707713869,19.609,19.213,29259,8.010820451489923
1719,221042,1454880181079545600,M3-S620     ,205.54539737304,28.5107478163,19.496,19.09,29797,8.010296828772576
1149,220481,1454796957499517568,M3-S257     ,205.41899482409,28.40958028899,19.851,19.419,29227,8.003501465771418
823,220150,1454785073330879360,M3-S190     ,205.41513907115,28.37818369018,20.254,19.807,28901,7.996800776733689
1184,220652,1454797060578762624,M3-S321     ,205.4260717392,28.42970040109,20.343,19.904,29262,7.986162537611002
539,219877,1454783522841744256,M3-S178     ,205.41700428327,28.35669653204,20.408,19.942,28617,7.9808108509959705
1796,221026,1454891549858552448,M3-S581     ,205.51388421953,28.50549028767,19.262,18.837,29874,7.966927110955665
1721,221040,1454880181083056640,M3-S618     ,205.5435898304,28.50989616818,19.316,18.887,29799,7.962417249450488
1155,220471,1454796961793431424,M3-S259     ,205.41955394745,28.40891829385,20.252,19.811,29233,7.961391852562497
1814,221036,1454891927815681152,M3-S600     ,205.52917472521,28.50854880068,18.98,18.43,29892,7.960467593899953
1479,220468,1454875572579969152,M3-1626     ,205.6770714283,28.40837423166,18.458,18.224,29557,7.9416198204581505
1709,220985,1454879974924066560,M3-S644     ,205.60503288905,28.49690520287,16.809,16.071,29787,7.940967483334626
1720,221039,1454880181082309888,M3-S619     ,205.54529208342,28.50957615111,18.43,17.783,29798,7.9401616646773645
550,219911,1454783527140886144,M3-S181     ,205.41735544205,28.35949991014,20.23,19.779,28628,7.935642455819714
54,220057,0,M3-S1189    ,205.41631345749,28.37085089366,22.644,21.905,2457,7.935524915787793
438,219180,1454782118391716224,M3-S1526    ,205.46290345192,28.27646773444,15.857,15.673,28516,7.931560631223399
471,219532,1454783217903233280,M3-S534     ,205.42703927358,28.32517956416,15.478,14.63,28549,7.925101206618584
1157,220441,1454796961798606080,M3-S255     ,205.41968592008,28.40569980197,18.984,18.48,29235,7.9098319155920445
1797,221018,1454891554155708032,M3-S795     ,205.51268848479,28.50417363909,17.478,16.767,29875,7.9098144402701
490,219635,1454783316683293184,M3-S186     ,205.42258528074,28.33841183133,20.122,19.657,28568,7.901767934003519
776,219923,1454785000310498816,M3-S184     ,205.4179517746,28.36000712183,19.25,18.82,28854,7.896137415497969
1162,220577,1454796991859270912,M3-S297     ,205.42400104205,28.42000639598,19.192,18.756,29240,7.892881536742625
472,219593,1454783247963808128,M3-S195     ,205.42450965246,28.33346462076,20.021,18.876,28550,7.8854490758202616
806,220082,1454785069029992192,M3-S1190    ,205.41716159185,28.37230278651,20.574,20.098,28884,7.880917767058763
491,219670,1454783316683295360,M3-S188     ,205.42226517995,28.34153627131,19.692,19.272,28569,7.86696540679438
323,218918,1454779507051603328,M3-S1592    ,205.55515214205,28.24642730183,18.433,17.797,28401,7.861378303785628
783,220044,1454785000310511744,M3-S197     ,205.41763122876,28.36947182841,19.394,18.958,28861,7.8610481190904995
500,219782,1454783320977219968,M3-S187     ,205.42025968234,28.35009921049,20.136,19.691,28578,7.860383349160171
448,219482,1454782461988987776,M3-S736     ,205.432127285,28.31709377749,17.344,16.779,28526,7.856354614510332
1146,220422,1454796957499510656,M3-S258     ,205.42035559018,28.4041767923,20.354,19.875,29224,7.851308336868006
1716,221032,1454880176785156864,M3-S612     ,205.53882707755,28.50770471573,18.974,18.418,29794,7.846783498445283
1819,221031,1454891932112831104,M3-S610     ,205.53589776754,28.50732987192,15.868,15.698,29897,7.839237226849623
1707,220990,1454879970626697600,M3-S1629    ,205.5991931359,28.49748938666,19.204,18.777,29785,7.829789752740751
1152,220544,1454796957499528320,M3-S289     ,205.42387186686,28.41606517262,20.057,19.619,29230,7.826669046616226
1724,221020,1454880245504625536,M3-S633     ,205.57482670148,28.50485165013,18.197,17.896,29802,7.816785748019818
325,218929,1454779541411343360,M3-S826     ,205.55898352067,28.2475110764,16.22,15.16,28403,7.811729815805223
538,219837,1454783522841739392,M3-S194     ,205.42045791944,28.35390522109,20.423,19.96,28616,7.804501108211106
1790,220955,1454891446779286016,M3-S1537    ,205.47502140999,28.4846584475,19.006,18.479,29868,7.804046898612971
790,219962,1454785004609638016,M3-S198     ,205.41917702357,28.36284545687,19.813,19.395,28868,7.802534003568066
1131,220373,1454796854420289152,M3-S249     ,205.42026306788,28.39926837709,18.921,18.432,29209,7.801567844873671
313,219105,1454779159154782336,M3-1546     ,205.47640883128,28.26903552294,19.415,19.003,28391,7.800288387715262
778,220012,1454785000310507008,M3-S200     ,205.41881465912,28.36713235113,19.169,18.747,28856,7.799866489302003
830,220284,1454785103391479168,M3-S230     ,205.41920585632,28.39060381465,20.206,19.749,28908,7.793735611803215
1148,220463,1454796957499515520,M3-S272     ,205.42217799822,28.40781841172,20.144,19.699,29226,7.792799196933315
492,219692,1454783316683298560,M3-S199     ,205.42310905457,28.34355395635,19.88,19.399,28570,7.785927516080414
828,220296,1454785103389755264,M3-S235     ,205.41953660647,28.39155383534,20.051,19.6,28906,7.780065165174555
829,220331,1454785103389761792,M3-S244     ,205.4201025327,28.39529378891,19.698,19.275,28907,7.7743309720787215
1642,220872,1454878978491651200,M3-S1666    ,205.64186433156,28.46703025497,19.248,18.818,29720,7.77416585985887
302,218959,1454778854216571136,M3-S1574    ,205.52140218814,28.25069529348,17.562,16.904,28380,7.765927378246748
1482,220603,1454875641299470208,M3-1623     ,205.66941768328,28.42281039185,19.772,19.367,29560,7.757119933831103
342,219279,1454779915069070720,M3-1608     ,205.6425134023,28.28863923815,19.379,18.985,28420,7.756255939781242
1224,220760,1454797442834967040,M3-S739     ,205.43787104289,28.44407857683,15.801,15.67,29302,7.749677254823607
1794,221004,1454891519795968896,M3-S1566    ,205.50795518011,28.49976917479,19.01,18.492,29872,7.740095541492909
1818,221023,1454891932110065024,M3-S605     ,205.53338685433,28.50503138436,19.425,19.003,29896,7.718122089859843
473,219601,1454783247963809152,M3-S209     ,205.42712602615,28.33445991463,19.735,19.261,28551,7.7175396339774975
1712,221013,1454880146723460480,M3-S632     ,205.57260536353,28.50325714747,16.339,15.512,29790,7.696885234455199
1156,220363,1454796961798603776,M3-S263     ,205.42194037437,28.39799098015,19.667,19.242,29234,7.689639150685999
439,219231,1454782118391717376,M3-S1524    ,205.46212795575,28.28252477858,18.724,18.082,28517,7.689277999933338
782,220028,1454785000310509568,M3-S212     ,205.42072154681,28.36837462227,19.684,19.27,28860,7.680263832517023
775,219902,1454785000310498304,M3-S207     ,205.42179462115,28.35865613249,18.94,18.399,28853,7.678994533095534
1820,221019,1454891932113577344,M3-S604     ,205.53289602995,28.50425996012,18.818,18.331,29898,7.675672600644573
792,220090,1454785004609641472,M3-S221     ,205.42075530688,28.37331354088,19.714,19.295,28870,7.663332282621037
779,219999,1454785000310507136,M3-S213     ,205.42121332486,28.36595283826,19.741,19.323,28857,7.662344675541597
1718,221017,1454880181079542912,M3-S606     ,205.53376814524,28.504102522,20.201,19.754,29796,7.660116294594607
1223,220691,1454797442834962176,M3-S680     ,205.43442049026,28.43466171887,14.875,13.867,29301,7.657462760106104
791,220059,1454785004609640320,M3-S219     ,205.42104093234,28.37092157337,19.927,19.495,28869,7.65201133771707
440,219313,1454782182811825280,M3-S748     ,205.45322087606,28.29246033986,16.214,15.384,28518,7.649935872498088
436,219174,1454782114092301568,M3-S1533    ,205.47117594083,28.27586204529,18.933,18.457,28514,7.648769260861712
1430,220045,1454874683524290816,M3-S887     ,205.67563517888,28.36951868773,17.939,17.265,29508,7.6473315073320425
1226,220857,1454797575974888832,M3-S535     ,205.45503136317,28.46400150829,18.993,18.506,29304,7.646606478853543
1165,220613,1454796991859278080,M3-S338     ,205.43003792763,28.4242581749,18.472,17.809,29243,7.641606881205216
808,220138,1454785069029997696,M3-S228     ,205.42136974335,28.37710603184,19.135,18.657,28886,7.6227823012339675
1163,220595,1454796991859274880,M3-S328     ,205.42951978048,28.42203580221,19.812,19.399,29241,7.622518022879069
1793,220974,1454891485436401920,M3-S566     ,205.49469437599,28.49209069199,19.134,18.675,29871,7.60562346666768
499,219794,1454783316690246400,M3-S215     ,205.42456270854,28.35067494326,20.28,19.741,28577,7.600677997506599
479,219592,1454783252262973312,M3-S226     ,205.42989260356,28.33343583827,19.057,18.538,28557,7.582310642266744
324,218966,1454779537111862784,M3-1576     ,205.5583089749,28.25151976413,19.427,19.011,28402,7.56874573319293
1477,220321,1454875469500728704,M3-S1705    ,205.67331299782,28.39423980183,18.271,17.615,29555,7.562617811138201
480,219632,1454783252262974080,M3-S224     ,205.42867116928,28.33795815733,17.52,16.8,28558,7.562093965500457
311,219066,1454779090435032576,M3-S777     ,205.49238570531,28.26443124983,14.281,12.858,28389,7.559418371549669
504,219715,1454783320982452480,M3-S222     ,205.4265753905,28.34533278041,19.417,18.989,28582,7.557515612869221
826,220245,1454785103389750528,M3-S250     ,205.4228556474,28.38699345403,19.755,19.322,28904,7.556144641695503
312,219048,1454779124795023616,M3-1554     ,205.49982876778,28.2611021328,18.44,18.215,28390,7.555550810725511
340,219161,1454779885008761856,M3-S866     ,205.62113120556,28.27455059052,18.137,17.502,28418,7.551475270927428
1150,220501,1454796957499520128,M3-S308     ,205.42726179759,28.41103863504,20.014,19.528,29228,7.5462228660328
780,220020,1454785000310508416,M3-S225     ,205.42300686836,28.36776275456,19.855,19.335,28858,7.546170962413128
326,218967,1454779575771080832,M3-S1586    ,205.54565557639,28.2515478113,18.996,18.11,28404,7.545569281823611
300,218984,1454778849917099520,M3-1560     ,205.52691390514,28.25341855314,18.909,18.339,28378,7.542659861811592
1795,221008,1454891549858539264,M3-S592     ,205.52412573497,28.50045652949,19.636,19.22,29873,7.533098197831966
497,219780,1454783316683305728,M3-S223     ,205.42602256139,28.35007730893,19.614,19.194,28575,7.522759947831857
477,219628,1454783252257736832,M3-S231     ,205.42989104589,28.33727694776,19.364,18.935,28555,7.505558482453503
1166,220638,1454796991859283200,M3-S366     ,205.43383059502,28.42744430542,19.805,19.376,29244,7.505175870232978
1154,220436,1454796961793430784,M3-S296     ,205.42685785294,28.40530468252,20.073,19.625,29232,7.4848488812246075
747,219842,1454784798445975680,M3-S227     ,205.42588300705,28.35440024482,19.982,19.552,28825,7.479013908254271
831,220183,1454785103396651648,M3-S248     ,205.42386771838,28.38099489424,20.404,19.95,28909,7.476225644767287
1147,220453,1454796957499513856,M3-S300     ,205.42735176086,28.40674704499,18.979,18.483,29225,7.475969554575006
825,220212,1454785103389747200,M3-S256     ,205.42408761978,28.38395202928,19.379,18.949,28903,7.470446286431438
1153,220414,1454796957505434496,M3-S295     ,205.42692011197,28.4035266802,20.228,19.782,29231,7.457953302863469
1700,221007,1454879798831363712,M3-S601     ,205.5301082631,28.50018750295,19.603,19.19,29778,7.455990469210426
1701,221005,1454879803125186304,M3-S599     ,205.52877412438,28.49988125907,20.161,19.716,29779,7.45005955895078
1167,220513,1454796996153183872,M3-S320     ,205.42933684985,28.4123859289,19.515,19.102,29245,7.448820792597851
1228,220908,1454797614633676032,M3-S762     ,205.47015577952,28.47358650102,18.194,17.506,29306,7.445848208678068
501,219762,1454783320977221888,M3-S232     ,205.42761974335,28.34885310809,20.126,19.686,28579,7.4457203618641845
854,220369,1454785206468981120,M3-S284     ,205.42626972198,28.39910001649,19.54,19.118,28932,7.444826809154995
494,219748,1454783316683303936,M3-S234     ,205.42804210981,28.34734763039,19.301,18.866,28572,7.442332038884713
740,219835,1454784794152059904,M3-S233     ,205.42674549421,28.35369625754,19.186,18.739,28818,7.436070751343034
498,219673,1454783316683661056,M3-S236     ,205.42977385521,28.3418179618,20.3,19.84,28576,7.429662635517088
1406,219694,1454874202487877888,M3-S883     ,205.66728914579,28.34356817775,17.118,16.554,29484,7.413608713370651
827,220290,1454785103389754496,M3-S274     ,205.42571349144,28.39094676389,19.935,19.502,28905,7.40769633463788
784,219980,1454785000310852352,M3-S240     ,205.42561882337,28.36465918435,20.475,20.006,28862,7.4066241362902865
495,219760,1454783316683304064,M3-S237     ,205.42862226168,28.34847950512,19.287,18.849,28573,7.3923884927239785
832,220279,1454785107683662208,M3-S276     ,205.42595578829,28.39027919345,20.412,19.96,28910,7.388911811062214
786,219915,1454785004604410624,M3-S239     ,205.42656092644,28.35966915554,19.473,19.054,28864,7.387239166280256
1158,220429,1454796961798608000,M3-S305     ,205.42846037547,28.40486325476,15.985,15.578,29236,7.385206287507723
746,219766,1454784798445972608,M3-S238     ,205.42861512502,28.34924366527,19.717,19.292,28824,7.382223446049922
1164,220593,1454796991859276288,M3-S361     ,205.4340209643,28.42171529134,19.628,19.209,29242,7.3633925162307134
787,219934,1454785004604410752,M3-S243     ,205.42702167829,28.36063288053,19.927,19.486,28865,7.351801752149246
441,219358,1454782182811834496,M3-S1520    ,205.45677496592,28.29625401285,19.042,18.465,28519,7.339352346512446
1791,220950,1454891451076487424,M3-S1544    ,205.48699747721,28.48304998186,19.205,18.767,29869,7.338703637546923
503,219680,1454783320982452352,M3-S245     ,205.43125786781,28.342692514,19.56,19.125,28581,7.329366452599618
1717,221003,1454880176785779200,M3-S613     ,205.53978735209,28.49912168609,19.99,19.566,29795,7.328989830478116
1708,220975,1454879974924064512,M3-S638     ,205.5896289587,28.49223852793,15.642,15.541,29786,7.327535679046853
1168,220602,1454796996153215488,M3-S369     ,205.43527723948,28.42280989594,20.3,19.847,29246,7.317448016956897
1639,220848,1454878939834450432,M3-S521     ,205.63642083804,28.46159546216,19.177,18.751,29717,7.312731123602864
1407,219707,1454874202487878912,M3-S1696    ,205.6657447497,28.34485679203,15.787,15.742,29485,7.303531981687621
1169,220517,1454796996158349952,M3-S335     ,205.43209389051,28.41305429988,18.986,18.392,29247,7.30198973119414
1714,221000,1454880176785134080,M3-S614     ,205.54157320261,28.49875671705,19.542,19.125,29792,7.3003372463474125
856,220375,1454785206468985600,M3-S298     ,205.42875439326,28.39929016749,19.474,19.051,28934,7.300173067397599
833,220278,1454785107688863872,M3-S281     ,205.42776041031,28.39019627942,20.034,19.6,28911,7.2807173255826925
476,219617,1454783247970768384,M3-S262     ,205.43419450124,28.33636515617,19.044,18.55,28554,7.279641961002311
861,220304,1454785210768079744,M3-S287     ,205.4280731678,28.39237765312,16.202,15.382,28939,7.2771929445118255
1715,220999,1454880176785137920,M3-S621     ,205.54635481437,28.49851001845,19.677,19.233,29793,7.275032350121668
785,220061,1454785000310855936,M3-S264     ,205.42744806608,28.37113796181,20.343,19.901,28863,7.267416582004239
1499,220673,1454875920474926592,M3-S672     ,205.65597267151,28.43271268845,16.752,15.978,29577,7.260137140911691
1476,220298,1454875439438565504,M3-S885     ,205.66850058238,28.39171651522,17.2,16.478,29554,7.256976194711234
743,219882,1454784794152063360,M3-S253     ,205.42926373482,28.35692503823,19.147,18.675,28821,7.252673487995858
749,219756,1454784798451204352,M3-S254     ,205.43111991882,28.34810934491,20.476,20.015,28827,7.252092246316534
437,219265,1454782114092329728,M3-S1531    ,205.4683380127,28.28686330477,19.317,18.891,28515,7.246629092659803
1665,220921,1454879145992923008,M3-S652     ,205.61623663902,28.477196064,18.504,17.855,29743,7.245719449425481
475,219611,1454783247970768128,M3-S266     ,205.43517308235,28.33551093022,19.399,18.968,28553,7.241968429779232
1711,220991,1454880108065653888,M3-S625     ,205.55505410035,28.49767786556,18.854,18.432,29789,7.2350230195814795
327,219015,1454779605831351552,M3-S1601    ,205.5626274387,28.25761754831,19.022,18.591,28405,7.230024739046745
1225,220766,1454797472895647360,M3-S1513    ,205.4492003123,28.44519041697,18.766,18.295,29303,7.213982645194489
1408,219786,1454874202487891456,M3-S1695    ,205.66556062698,28.35022084504,17.179,16.445,29486,7.21371173151634
1161,220535,1454796991859264896,M3-S355     ,205.4343782266,28.4152055751,19.889,19.441,29239,7.210789558442093
739,219830,1454784794152058240,M3-S261     ,205.43072400093,28.3532926321,19.023,18.538,28817,7.206661055936442
781,220029,1454785000310509312,M3-S267     ,205.42865192095,28.36840702812,19.173,18.723,28859,7.20552563763813
824,220207,1454785103389744896,M3-S280     ,205.42849825223,28.38325217671,20.415,19.976,28902,7.203991135543739
859,220330,1454785210762889344,M3-S301     ,205.42996527354,28.39526783837,19.898,19.457,28937,7.188552115062087
346,219423,1454780018148338304,M3-S1671    ,205.64594788551,28.30771586789,18.974,18.495,28424,7.187794602631184
330,219067,1454779678850310784,M3-S845     ,205.58842771848,28.26444282214,16.602,15.83,28408,7.1831024991039065
1159,220469,1454796961798609920,M3-S333     ,205.43289510409,28.40851828045,17.616,16.927,29237,7.180246652143957
794,220121,1454785034670257152,M3-S277     ,205.42895728747,28.3759589492,20.476,20.018,28872,7.167959020951734
745,219873,1454784794152418944,M3-S265     ,205.43084346453,28.35643328561,20.051,19.612,28823,7.164352133661613
481,219630,1454783252262975104,M3-S270     ,205.43575151761,28.33773082866,16.721,15.929,28559,7.164207348723694
1640,220859,1454878944131910784,M3-S429     ,205.62970846494,28.46431348377,16.6,15.853,29718,7.145749205439178
1666,220881,1454879150290341504,M3-S451     ,205.62533799807,28.46809590035,18.155,17.506,29744,7.141025081338651
478,219621,1454783252257737728,M3-S275     ,205.43662530581,28.33657595449,19.865,19.425,28556,7.138168104431646
328,219022,1454779610130821376,M3-S820     ,205.54766491652,28.25837303638,16.954,16.224,28406,7.134380147383806
738,219768,1454784794152053632,M3-S268     ,205.43289942741,28.34933439891,19.933,19.504,28816,7.130885148073355
1713,220983,1454880176785126016,M3-S617     ,205.54301483234,28.49591950311,19.557,19.125,29791,7.1259229691789345
744,219856,1454784794152063488,M3-S269     ,205.43179593086,28.35539100647,19.648,19.229,28822,7.119357699992813
855,220342,1454785206468985216,M3-S315     ,205.43138756752,28.3961084493,19.107,18.625,28933,7.112031985956641
339,219169,1454779850649018496,M3-S1636    ,205.60873265266,28.2754079273,15.852,15.814,28417,7.103200941766243
798,220190,1454785038964177408,M3-S286     ,205.43019088109,28.38177830378,19.656,19.227,28876,7.098646752530808
788,220001,1454785004604419328,M3-S273     ,205.43065633774,28.36622063107,19.705,19.24,28866,7.09665363803386
1227,220870,1454797610334630912,M3-S544     ,205.47132962545,28.46675212069,19.275,18.843,29305,7.0861260861987665
748,219848,1454784798445978240,M3-S271     ,205.43253030777,28.35492076768,20.329,19.885,28826,7.081346004384696
1414,219874,1454874301269564544,M3-S1694    ,205.66449143092,28.35644151847,19.143,18.736,29492,7.075835119183264
1789,220936,1454891416716749184,M3-S778     ,205.49263385137,28.48113883866,16.354,15.591,29867,7.073623306921486
1160,220533,1454796991859264384,M3-S368     ,205.43674713771,28.41500715574,19.486,19.062,29238,7.072241373589412
857,220454,1454785206468991744,M3-S344     ,205.43457638423,28.40675184409,19.88,19.449,28935,7.0556082934102635
789,220007,1454785004604420864,M3-S278     ,205.43166572253,28.36668228896,19.535,19.118,28867,7.033800586371385
710,219678,1454784725432569600,M3-S279     ,205.436551555,28.34245756361,19.419,18.994,28788,7.0294928650961666
442,219350,1454782221470938112,M3-S757     ,205.46457357407,28.29570036676,14.728,14.082,28520,7.018794634107308
801,220083,1454785038969380864,M3-S285     ,205.43170048396,28.37235398346,15.024,13.974,28879,7.009157723637426
796,220140,1454785034670261760,M3-S291     ,205.4319281737,28.37711416774,19.488,19.065,28874,6.989276406439475
1664,220885,1454879145992896640,M3-S498     ,205.62075523535,28.46849440959,19.009,18.522,29742,6.985190822017541
862,220430,1454785210768087296,M3-S350     ,205.43536456426,28.40494885445,19.571,19.147,28940,6.983329517191818
852,220263,1454785206468967808,M3-S314     ,205.43284858068,28.38855879943,19.183,18.742,28930,6.967007009038366
797,220205,1454785034670267648,M3-S302     ,205.43268404007,28.38283366733,19.846,19.403,28875,6.951916797819257
446,219437,1454782427629372288,M3-S1516    ,205.45375649134,28.31054568926,19.325,18.897,28524,6.948997444682382
750,219858,1454784798451207168,M3-S283     ,205.43499118487,28.35547050794,18.586,17.916,28828,6.930119942660229
304,219088,1454778922937794176,M3-S1570    ,205.51325704555,28.26735765378,19.293,18.89,28382,6.924326184201397
800,220027,1454785038969379968,M3-S288     ,205.43339250882,28.36820534825,19.019,18.463,28878,6.922840038550719
708,219647,1454784725432567424,M3-S292     ,205.43955542246,28.33934653229,19.169,18.716,28786,6.916765472600657
864,220442,1454785240829038848,M3-S357     ,205.43681329091,28.40572054121,20.011,19.573,28942,6.910218445609814
719,219656,1454784729726492288,M3-S294     ,205.43951214155,28.34036122163,20.12,19.674,28797,6.899432605703979
1220,220649,1454797374115485312,M3-S1510    ,205.44596145948,28.42942482736,16.396,15.602,29298,6.897737569487358
1788,220919,1454891382357010432,M3-S1549    ,205.49048558871,28.47651414235,18.586,17.947,29866,6.894504674484436
724,219681,1454784729731726464,M3-S293     ,205.43896562258,28.34282136281,20.116,19.672,28802,6.884742100149373
1170,220551,1454796996158354304,M3-S681     ,205.44070010185,28.4165746106,14.101,12.759,29248,6.879626507831857
868,220457,1454785245127826560,M3-S364     ,205.43766916593,28.40693564627,19.669,19.248,28946,6.878967044429658
802,220153,1454785038969383296,M3-S310     ,205.43412934939,28.37832676888,20.359,19.757,28880,6.857488306988422
718,219645,1454784725439521920,M3-S299     ,205.4408273379,28.33897582001,19.36,18.925,28796,6.852173535743195
869,220478,1454785245127827456,M3-S376     ,205.43879373868,28.40918900702,19.075,18.614,28947,6.850364875554918
474,219610,1454783247963810176,M3-S306     ,205.44237368902,28.33542057633,18.982,18.392,28552,6.840245237819911
1498,220710,1454875920474926464,M3-S665     ,205.64511413574,28.43747204065,15.6,14.802,29576,6.834200798044893
1496,220655,1454875817395709056,M3-S667     ,205.64927957853,28.42996720844,18.068,17.37,29574,6.827810069238091
341,219270,1454779885010519040,M3-S1640    ,205.61762461662,28.28734587669,18.832,18.252,28419,6.808728397821627
1706,220960,1454879936266936832,M3-S635     ,205.57616237005,28.48722605626,19.006,18.512,29784,6.8037608485528125
1485,220526,1454875744378671232,M3-1615     ,205.65527497927,28.41430576218,19.252,18.816,29563,6.785565152965767
349,219196,1454780056807447936,M3-S855     ,205.60179131031,28.27757969009,16.03,15.577,28427,6.785169008530735
865,220432,1454785240834662656,M3-S373     ,205.43894783656,28.40502162404,20.274,19.824,28943,6.775762296020298
345,219328,1454779988088010624,M3-S1651    ,205.62390693029,28.29338453611,17.432,16.764,28423,6.77145285687622
358,219069,1454780366045066880,M3-S814     ,205.53912688494,28.26484639168,16.397,16.011,28436,6.768821584655022
348,219164,1454780052507989760,M3-1585     ,205.59608917236,28.27505923801,19.475,19.068,28426,6.767298428826219
726,219725,1454784729731727872,M3-S304     ,205.44014835358,28.34595170021,20.139,19.685,28804,6.762497142751735
849,220240,1454785142048601984,M3-S324     ,205.43605662982,28.38602162017,15.863,15.018,28927,6.761948477842114
1638,220835,1454878939834440192,M3-S481     ,205.62596592108,28.45849718889,18.944,18.404,29716,6.737844880540468
1634,220797,1454878875413134080,M3-S692     ,205.63322504361,28.45071815888,15.08,14.056,29712,6.731288116285469
866,220405,1454785245122652416,M3-S370     ,205.43921513557,28.40264238252,19.641,18.88,28944,6.726487428184027
870,220522,1454785245127830656,M3-S742     ,205.44265955289,28.41388272709,17.071,16.342,28948,6.714749384751599
715,219791,1454784725432577664,M3-S311     ,205.43979841868,28.35040171484,19.639,19.231,28793,6.713584417229032
1478,220399,1454875503860482176,M3-1618     ,205.65743293762,28.40194814536,19.033,18.538,29556,6.706421487283689
793,220096,1454785034670254464,M3-S319     ,205.43692571322,28.37355285221,20.195,19.744,28871,6.693148135442079
847,220208,1454785142048601216,M3-S326     ,205.43710026741,28.38337882008,18.646,18.0,28925,6.688970646461631
329,219145,1454779674550862464,M3-S1619    ,205.58784819444,28.27303745747,19.089,18.728,28407,6.68691323906494
860,220307,1454785210762890880,M3-S352     ,205.43804237048,28.39266593403,18.904,18.572,28938,6.6864763951129085
844,220287,1454785142043411328,M3-S345     ,205.43793080648,28.39086834802,19.618,19.159,28922,6.6790815103083485
754,219993,1454784828511814144,M3-S318     ,205.43849372864,28.36562989129,18.388,17.722,28832,6.632255964306797
799,220180,1454785038964179712,M3-S331     ,205.4381181558,28.3798993259,20.426,19.966,28877,6.619740757904335
354,219450,1454780228606254720,M3-S870     ,205.63819683393,28.31340980212,16.475,15.703,28432,6.610795835779404
720,219663,1454784729726494848,M3-S323     ,205.44439891179,28.34111566014,20.353,19.938,28798,6.607413238520541
712,219720,1454784725432573440,M3-S322     ,205.44317838351,28.34554422061,20.395,19.912,28790,6.595068670174627
795,220148,1454785034670259840,M3-S330     ,205.4385078907,28.37784545687,20.492,20.042,28873,6.594574761059639
333,219098,1454779713210043648,M3-S1600    ,205.56136906942,28.26813411143,16.794,16.036,28411,6.594530133230823
363,219167,1454780606563233920,M3-S794     ,205.50778556317,28.27533996635,15.98,15.128,28441,6.584160418374701
1705,220927,1454879871844846336,M3-S639     ,205.59160348574,28.47802784284,15.042,14.121,29783,6.577021250311167
853,220318,1454785206468972928,M3-S365     ,205.44042401314,28.39379968219,20.253,19.806,28931,6.554919199335028
804,220166,1454785038971142912,M3-S340     ,205.43934569359,28.37924553765,20.167,19.723,28882,6.54528416274303
848,220211,1454785142048601856,M3-S351     ,205.43968590101,28.38392801715,18.957,18.415,28926,6.535999819447986
1395,219588,1454874099408643328,M3-S872     ,205.64785943031,28.33286080678,14.784,13.68,29473,6.53471182127539
1632,220805,1454878836755204096,M3-S507     ,205.62697894573,28.45260184977,19.151,18.684,29710,6.530351442666263
707,219627,1454784725432562816,M3-S337     ,205.44727632205,28.33724047926,20.139,19.696,28785,6.526543251650941
725,219671,1454784729731727360,M3-S329     ,205.44566086133,28.34163739628,18.186,17.509,28803,6.525617178097289
1663,220890,1454879115930601472,M3-S446     ,205.60609367688,28.46943194098,18.008,17.329,29741,6.522981772646687
1699,220941,1454879764468231168,M3-S587     ,205.51788791021,28.48159608205,19.514,18.776,29777,6.521653664948354
834,220195,1454785137749480704,M3-S349     ,205.43987480799,28.38221288151,20.166,19.715,28912,6.519201779453709
742,219862,1454784794152061824,M3-S325     ,205.44218565623,28.35561710358,19.432,19.012,28820,6.504962212149927
1410,219806,1454874266909818496,M3-S715     ,205.6536453406,28.3513620913,20.521,20.069,29488,6.502404771909226
757,220039,1454784828511822848,M3-S332     ,205.4403649648,28.36934463951,18.913,18.294,28835,6.500508809519412
756,220081,1454784828511822720,M3-S336     ,205.44026902517,28.37223345651,19.073,18.601,28834,6.49587097970182
1399,219702,1454874163830593664,M3-S712     ,205.65144589742,28.34417718252,19.303,18.886,29477,6.492975253802852
362,219219,1454780602263826176,M3-S784     ,205.4997677962,28.28072239028,16.862,16.097,28440,6.487062926173583
803,220163,1454785038969384960,M3-S346     ,205.44032761256,28.37890294393,19.18,18.736,28881,6.486036963736758
867,220396,1454785245127825792,M3-S743     ,205.44314983686,28.40169169664,17.671,16.967,28945,6.483621908414858
751,219891,1454784828511802112,M3-S327     ,205.44233552615,28.35767776913,19.33,18.905,28829,6.472550379762961
858,220353,1454785206471243136,M3-S388     ,205.44252964656,28.39700346523,18.706,18.06,28936,6.462491144369773
1475,220265,1454875439438553472,M3-S669     ,205.65526065826,28.38885494232,16.125,15.663,29553,6.44820805258503
840,220272,1454785137756392576,M3-S367     ,205.44173351924,28.38947371271,19.157,18.713,28918,6.442645528612289
846,220173,1454785142048600448,M3-S354     ,205.44109563828,28.379687962,20.388,19.932,28924,6.440846372871192
755,220018,1454784828511815040,M3-S339     ,205.44154149691,28.36773912741,20.291,19.839,28833,6.437955384080254
1451,220107,1454875057183839616,M3-1616     ,205.65568477313,28.37494292842,18.421,17.781,29529,6.437649826158003
1651,220843,1454879042913659520,M3-S526     ,205.61536943118,28.46093180339,19.257,18.813,29729,6.42893436559895
741,219851,1454784794152061696,M3-S334     ,205.44365431468,28.35500734382,19.84,19.415,28819,6.426150781833829
1662,220913,1454879115930601344,M3-S640     ,205.59195226828,28.47508132988,17.817,17.2,29740,6.423389833762852
1412,219881,1454874271204872192,M3-S714     ,205.65348599752,28.35687805282,19.88,19.461,29490,6.421912264244305
1404,219718,1454874168128128768,M3-S711     ,205.65048923492,28.34539432526,19.542,19.131,29482,6.416199875954282
359,219131,1454780400404806400,M3-S809     ,205.52919237216,28.27216213597,18.382,17.519,28437,6.411494133706676
1633,220828,1454878836755220736,M3-S520     ,205.61785236994,28.45793158107,19.227,18.788,29711,6.38558182978512
903,220622,1454785623084963072,M3-S1515    ,205.45360910098,28.4255675337,17.932,17.251,28981,6.383820602785602
845,220343,1454785142045642752,M3-S395     ,205.44379790624,28.39621577899,19.971,19.53,28923,6.379109844624604
837,220275,1454785137749493376,M3-S379     ,205.44287228584,28.38961955018,19.44,19.017,28915,6.375776887335859
1495,220664,1454875817395707264,M3-S1020    ,205.63968774478,28.43164180968,15.72,15.536,29573,6.374153287787541
331,219205,1454779678850320512,M3-S844     ,205.58690385024,28.278329152,17.317,16.675,28409,6.370178055889448
863,220485,1454785240828187776,M3-S745     ,205.44755387306,28.41003205829,16.74,15.958,28941,6.362847238461085
1411,219870,1454874266909829760,M3-S713     ,205.65224329631,28.35628654904,19.26,18.825,29489,6.355670174416354
759,219985,1454784832805733760,M3-S348     ,205.4432255586,28.36485675388,19.944,19.51,28837,6.35526941302945
758,219894,1454784832805723648,M3-S343     ,205.44428666433,28.35795835601,20.431,19.98,28836,6.354373516694862
752,219961,1454784828511808896,M3-S347     ,205.44358927409,28.36277312915,20.47,20.015,28830,6.349521009078505
839,220282,1454785137749816576,M3-S386     ,205.4435540994,28.39052282492,19.007,18.525,28917,6.341710516172324
711,219699,1454784725432572032,M3-S353     ,205.44822190603,28.34389280319,19.33,18.893,28789,6.336568458339857
1622,220773,1454878768035710464,M3-S513     ,205.62811177572,28.44654587322,19.169,18.733,29700,6.335498123526059
1400,219739,1454874163830599424,M3-S710     ,205.64936332703,28.34687631395,19.759,19.354,29478,6.325538109008123
1413,219967,1454874271207388160,M3-S1677    ,205.6529246966,28.36351683723,16.962,16.229,29491,6.3246403123142345
905,220653,1454785657444704896,M3-S682     ,205.4570731322,28.42983808411,15.772,14.846,28983,6.323153755736507
1704,220916,1454879867547430272,M3-S637     ,205.58579638004,28.47567366706,17.995,17.81,29782,6.315465845179056
332,219157,1454779708910607104,M3-S831     ,205.57007700602,28.27430183729,17.907,17.257,28410,6.313723144153285
1696,220901,1454879665686226304,M3-S786     ,205.501052396,28.47088112222,15.819,15.688,29774,6.294295325896554
709,219653,1454784725432567808,M3-S360     ,205.45029298464,28.34027560976,20.351,19.884,28787,6.292060432237235
721,219700,1454784729726498688,M3-S356     ,205.44900485675,28.34399195353,20.205,19.765,28799,6.290126468904384
619,219596,1454783973817481856,M3-S950     ,205.45297493935,28.3340107327,15.439,14.619,28697,6.2874062536670285
367,219275,1454780670983321344,M3-S780     ,205.49353238742,28.2882458353,17.531,16.889,28445,6.275311401325977
836,220262,1454785137749493248,M3-S389     ,205.44455658595,28.38851799329,19.204,18.745,28914,6.267957892410661
842,220169,1454785142043397504,M3-S372     ,205.44403298696,28.37948456128,19.129,18.701,28920,6.264381234983601
841,220158,1454785142043396864,M3-S371     ,205.44413954417,28.37863158226,19.464,19.04,28919,6.257115220357234
1697,220938,1454879730108491136,M3-S1584    ,205.54230535825,28.48133922259,18.661,18.024,29775,6.254488788596992
716,219797,1454784725432577920,M3-S358     ,205.44782430331,28.35084586064,19.434,19.004,28794,6.24037342272309
835,220206,1454785137749481728,M3-S382     ,205.44464227359,28.38294333352,20.375,19.925,28913,6.235698602632806
850,220291,1454785142048606208,M3-S398     ,205.44549557368,28.39097672092,15.83,15.748,28928,6.229692402184338
1621,220761,1454878768035704960,M3-S523     ,205.62753305435,28.44423289829,19.241,18.791,29699,6.218791054331583
764,219996,1454784832810950528,M3-S362     ,205.44545882543,28.36570558442,18.851,18.236,28842,6.21632357863321
763,219938,1454784832810949120,M3-S359     ,205.44615666072,28.36101885796,16.152,15.575,28841,6.212622533944688
353,219369,1454780194246444288,M3-S863     ,205.61557900111,28.29854558521,16.055,15.248,28431,6.209204120865572
766,220019,1454784832810951552,M3-S363     ,205.4454556783,28.36776030448,16.315,15.462,28844,6.203952225596501
366,219261,1454780670983314432,M3-S1556    ,205.49990185102,28.28620521069,19.154,18.737,28444,6.19125968230696
1494,220632,1454875817393789952,M3-S461     ,205.63884255091,28.42684823672,18.438,17.787,29572,6.187355414871746
1493,220669,1454875813098951040,M3-S495     ,205.63576803207,28.43200423982,19.016,18.485,29571,6.184788907170435
1624,220701,1454878772333207808,M3-S445     ,205.63294996421,28.43595389578,17.956,17.263,29702,6.174163030919278
1660,220892,1454879111633167744,M3-S508     ,205.59371706645,28.46959624423,19.148,18.709,29738,6.170097739594098
770,220110,1454784931591380736,M3-S377     ,205.4456340313,28.37499737528,19.587,19.177,28848,6.168434745004066
1484,220555,1454875714316484608,M3-S693     ,205.64308017095,28.41681381949,15.582,14.661,29562,6.155329015196231
1398,219609,1454874163830577024,M3-S1667    ,205.64186352094,28.33541303953,18.886,18.308,29476,6.143786233409971
714,219726,1454784725432574592,M3-S374     ,205.45094952583,28.34598688549,19.996,19.553,28792,6.141956160007363
1492,220644,1454875813098173952,M3-S490     ,205.63721199036,28.42817492167,19.034,18.464,29570,6.140942501245931
620,219657,1454783973817483904,M3-S381     ,205.45302815437,28.3404835452,20.328,19.879,28698,6.134277290454693
771,220125,1454784935884964096,M3-S385     ,205.44631985029,28.37627008332,19.707,19.284,28849,6.126066894877281
347,219255,1454780052507705600,M3-S847     ,205.5923514843,28.28512702227,14.943,14.356,28425,6.125275719078409
368,219308,1454780675282714752,M3-S779     ,205.49297025998,28.29157229741,17.432,16.826,28446,6.124564807123626
713,219741,1454784725432574464,M3-S375     ,205.45103227297,28.34702138583,20.079,19.572,28791,6.118527022463106
717,219711,1454784725438606080,M3-S378     ,205.45166200002,28.34512375196,19.83,19.396,28795,6.117401763652815
838,220230,1454785137749813760,M3-S401     ,205.44688146909,28.38536297838,20.176,19.728,28916,6.111359787193317
843,220209,1454785142043403392,M3-S399     ,205.44702701569,28.383622525,19.874,19.453,28921,6.095241634011318
722,219701,1454784729726499840,M3-S383     ,205.45241406759,28.34407925182,20.144,19.704,28800,6.094789695996933
597,219415,1454783698939694848,M3-S550     ,205.47577075958,28.30648659918,16.008,15.473,28675,6.085967671140645
1620,220719,1454878768035692288,M3-S433     ,205.62884925207,28.43889013608,17.319,16.572,29698,6.079183471010999
1652,220831,1454879047211120384,M3-S420     ,205.60950177511,28.45810533047,16.428,15.62,29730,6.078888659819903
623,219546,1454783973817611520,M3-S538     ,205.45999708176,28.32791016897,15.891,15.216,28701,6.076015206632683
1659,220874,1454879111633157120,M3-S469     ,205.59464655717,28.46735006385,18.665,18.042,29737,6.074661841721404
772,220139,1454784935890170368,M3-S393     ,205.44727506638,28.37711408827,17.118,16.387,28850,6.068463889447357
767,220068,1454784832810952960,M3-S387     ,205.44754021962,28.37154371738,18.794,18.162,28845,6.062314487779787
1661,220861,1454879115930598272,M3-S438     ,205.59834712346,28.4650911204,17.701,17.029,29739,6.061020755101613
902,220590,1454785618785873408,M3-S1521    ,205.45764813423,28.42145872169,18.752,18.398,28980,6.056978451056577
723,219742,1454784729726502272,M3-S384     ,205.45213286082,28.34702962028,20.037,19.601,28801,6.055348770550986
1405,219696,1454874168128857984,M3-S708     ,205.64352429708,28.34357544263,19.696,19.239,29483,6.054170406706185
727,219888,1454784759792326528,M3-S380     ,205.44962350527,28.35721237659,19.648,19.224,28805,6.048567273265467
621,219659,1454783973817484032,M3-S392     ,205.45449302991,28.34066811085,19.439,19.012,28699,6.048325906494303
1690,220924,1454879523950049408,M3-S1593    ,205.55524047216,28.47753423797,19.281,18.854,29768,6.029354349206053
762,220056,1454784832805743360,M3-S391     ,205.44827580452,28.37083311717,19.075,18.601,28840,6.020838525996525
1630,220794,1454878836755198208,M3-S522     ,205.61699869633,28.45029593372,19.236,18.776,29708,6.010595919124352
906,220674,1454785657444707328,M3-S759     ,205.4653386116,28.4327607992,16.046,15.421,28984,5.994088418876509
1491,220605,1454875783035963776,M3-S452     ,205.63714663188,28.42288496706,17.65,17.501,29569,5.985947050835881
911,220759,1454785760523929856,M3-S684     ,205.47425150871,28.44390695254,15.351,14.398,28989,5.981949551578466
729,219811,1454784764086244480,M3-S390     ,205.45205103556,28.351892066,19.901,19.475,28807,5.9791441264234235
1402,219704,1454874168126747648,M3-S706     ,205.6424442927,28.34461789661,20.764,20.286,29480,5.972317197229913
1396,219561,1454874129470830848,M3-1602     ,205.63577462832,28.3297689618,19.183,18.772,29474,5.966469398902088
1698,220917,1454879734405882496,M3-S616     ,205.54170086384,28.47633838548,17.151,16.434,29776,5.957323570926118
1655,220878,1454879077273431296,M3-S505     ,205.58840047518,28.46800477399,19.131,18.694,29733,5.948868297665023
737,219935,1454784764093233536,M3-S394     ,205.45073223114,28.36067923864,20.19,19.741,28815,5.945029501280264
369,219347,1454780675282716160,M3-S1550    ,205.49296414057,28.2951906289,19.015,18.447,28447,5.9436597921318315
769,220104,1454784931591041024,M3-S404     ,205.44955576261,28.37463677406,20.526,20.01,28847,5.933729214192082
728,219716,1454784764086240000,M3-S402     ,205.45509640376,28.34533405516,19.992,19.552,28806,5.918110810285479
1650,220814,1454879042913654144,M3-S499     ,205.60950405598,28.45469060739,19.064,18.533,29728,5.916808421199602
765,219991,1454784832810951168,M3-S397     ,205.45055691401,28.36553023126,19.317,18.893,28843,5.913695480142851
753,219968,1454784828511809792,M3-S400     ,205.45100227992,28.36378025373,19.897,19.467,28831,5.900656071228353
622,219669,1454783973817484672,M3-S407     ,205.45721799533,28.3414237335,18.62,17.978,28700,5.879550832183302
1401,219810,1454874163830604288,M3-S707     ,205.64297911326,28.35183584081,19.817,19.406,29479,5.875539625708611
735,219883,1454784764091471872,M3-S403     ,205.45283552806,28.35694841809,19.868,19.443,28813,5.863101593139805
1490,220606,1454875778738426752,M3-S478     ,205.63473936717,28.42304659949,18.942,18.359,29568,5.862396083970069
598,219464,1454783698939699968,M3-S547     ,205.4725338618,28.31573913786,16.145,15.728,28676,5.861913215703239
1623,220728,1454878772333207424,M3-S427     ,205.62330715656,28.43976793925,15.816,15.782,29701,5.8523234829655495
1631,220796,1454878836755198976,M3-S477     ,205.61262388229,28.45063405852,18.986,18.386,29709,5.849280011962098
1486,220546,1454875778738412544,M3-S466     ,205.63767290115,28.41622988277,18.514,17.858,29564,5.843187257343814
732,219736,1454784764091469696,M3-S406     ,205.45605812073,28.34684439129,15.882,15.017,28810,5.834555469796353
1450,219903,1454875022828003968,M3-S709     ,205.64367726644,28.35878227393,19.082,18.651,29528,5.8224006727602315
734,219803,1454784764091470848,M3-S405     ,205.45505429904,28.35118847198,19.306,18.873,28812,5.816293201122448
851,220270,1454785142048606720,M3-S747     ,205.45253856977,28.38942322095,17.764,17.055,28929,5.7986243471311605
615,219563,1454783905098137600,M3-S756     ,205.46431767146,28.32984438578,16.133,15.572,28693,5.793148912109111
624,219689,1454784003878430976,M3-S413     ,205.45815879504,28.34343320847,19.191,18.735,28702,5.783628184829163
760,219990,1454784832805739392,M3-S408     ,205.45285196304,28.36547148387,19.704,19.283,28838,5.777428436275579
1649,220820,1454879042913651072,M3-S441     ,205.60399299463,28.45575455878,17.806,17.122,29727,5.769844575984564
731,219847,1454784764086249856,M3-S409     ,205.45533569654,28.35482420762,19.857,19.416,28809,5.745002593586338
730,219805,1454784764086245888,M3-S410     ,205.45627821287,28.35135591918,20.302,19.842,28808,5.74287273872
733,219785,1454784764091470464,M3-S411     ,205.45670026143,28.35013451912,19.604,19.178,28811,5.738864651753298
1694,220884,1454879592669502080,M3-S803     ,205.51993578474,28.46847088681,17.999,17.358,29772,5.732260596830589
1658,220863,1454879081570857088,M3-S432     ,205.58423682849,28.46581553353,17.267,16.55,29736,5.730613686514652
761,219997,1454784832805740160,M3-S412     ,205.45359921455,28.36579364035,19.745,19.331,28839,5.7305780918617755
1618,220662,1454878733675938688,M3-S493     ,205.62696743011,28.43130463494,18.972,18.46,29696,5.720273160813882
626,219735,1454784008171999616,M3-S415     ,205.45844025612,28.34668977102,19.746,19.311,28704,5.701961682470054
1489,220578,1454875778738420736,M3-S516     ,205.63322324753,28.42004816135,19.171,18.777,29567,5.698939315050594
1703,220883,1454879833187665792,M3-S460     ,205.57550235589,28.46830649204,18.488,17.83,29781,5.698433183538731
1646,220806,1454879012849480064,M3-S463     ,205.60589481195,28.45276869933,18.553,17.914,29724,5.692988474193111
904,220618,1454785657444704640,M3-S760     ,205.46681307157,28.42540079435,17.227,16.482,28982,5.684168808153371
736,219880,1454784764091472640,M3-S414     ,205.45608471235,28.35676885181,15.611,14.85,28814,5.6748870435148
625,219712,1454784003878431104,M3-S416     ,205.4594473203,28.34520400047,18.555,18.248,28703,5.674396158102314
1647,220793,1454879012851378176,M3-S430     ,205.60840462844,28.45018641404,15.982,15.968,29725,5.664971801516031
1488,220561,1454875778738420608,M3-S456     ,205.63307931423,28.41830020044,18.215,17.554,29566,5.6447149708991775
1397,219644,1454874133768381824,M3-S1659    ,205.63420022329,28.33895835135,15.917,15.919,29475,5.637207329821516
614,219521,1454783905098135296,M3-S545     ,205.47160962423,28.3237736596,15.119,14.087,28692,5.6162778113591365
1653,220854,1454879077273406976,M3-S480     ,205.58502508005,28.46312112702,18.987,18.438,29731,5.599462473252146
365,219273,1454780640922980864,M3-S1573    ,205.52124601801,28.28802415742,18.302,17.662,28443,5.597803157293845
357,219456,1454780262965965952,M3-S864     ,205.61731770833,28.3144838206,15.184,14.249,28435,5.593348160434153
900,220541,1454785554365482112,M3-S755     ,205.46364134153,28.41553177092,17.353,16.678,28978,5.580377476537474
334,219281,1454779743270382720,M3-S837     ,205.5770853281,28.28889138646,17.707,17.142,28412,5.575142096518188
1468,220372,1454875336359342464,M3-S662     ,205.63864930471,28.39926281717,16.234,16.276,29546,5.5723901126771995
1684,220887,1454879455230545920,M3-S471     ,205.56291734775,28.46884945088,19.067,18.272,29762,5.562813159566866
1454,220248,1454875130200893952,M3-S663     ,205.64053735733,28.38724176486,17.499,16.782,29532,5.559524049244909
1403,219724,1454874168128123520,M3-S700     ,205.63558227221,28.34587186919,19.388,18.979,29481,5.559070831339606
1648,220809,1454879012851378304,M3-S484     ,205.59997158845,28.45398378849,18.89,18.451,29726,5.545347271645504
1695,220834,1454879631326485504,M3-S792     ,205.5046857655,28.45849357658,16.091,15.651,29773,5.5344806978506735
1447,219817,1454874924042732672,M3-S703     ,205.63715794881,28.35238885138,21.162,20.65,29525,5.529954096841872
1442,219863,1454874924041306112,M3-S704     ,205.6380191644,28.35571797901,21.002,20.514,29520,5.529617205877774
1657,220826,1454879081570855296,M3-S435     ,205.59409601688,28.45731554826,17.546,16.857,29735,5.5293941204268195
351,219364,1454780159886684160,M3-S850     ,205.59377427101,28.29734094726,16.438,16.061,28429,5.514501155681027
1683,220873,1454879455230541440,M3-S512     ,205.56702136199,28.4672771275,19.191,18.763,29761,5.514186866733979
360,219260,1454780469124567040,M3-1573     ,205.55154826244,28.28574146138,18.242,17.625,28438,5.49534687116364
912,220769,1454785794883671552,M3-S775     ,205.48787109057,28.44590867043,17.738,17.546,28990,5.491226828135965
1444,219783,1454874924042370944,M3-S699     ,205.6357093811,28.35010594983,19.495,19.1,29522,5.485457252077058
599,219478,1454783698939702272,M3-S552     ,205.47988891602,28.31680272563,16.519,15.743,28677,5.483717421400171
1627,220749,1454878802395439232,M3-S464     ,205.6116385301,28.44241427739,18.095,17.934,29705,5.446451283625067
1487,220563,1454875778738417280,M3-S492     ,205.62924427986,28.41851627787,19.021,18.472,29565,5.444446703909266
350,219348,1454780125526938496,M3-S1618    ,205.58734242121,28.29532206641,18.661,18.054,28428,5.443781651448884
1448,219898,1454874924043109888,M3-S702     ,205.63697592417,28.35820842054,19.504,19.046,29526,5.435374431428452
1619,220698,1454878737973465600,M3-S453     ,205.61770280202,28.43536527448,18.264,17.571,29697,5.424912058126092
1702,220855,1454879833187652096,M3-S483     ,205.57468153636,28.46341612816,18.958,18.439,29780,5.40327494040381
600,219462,1454783698939973504,M3-S1542    ,205.48304538727,28.31537664413,16.827,16.052,28678,5.401656767686879
1656,220837,1454879081570854656,M3-S449     ,205.58536101182,28.45931213485,18.161,17.488,29734,5.398232126692362
1446,219921,1454874924042388608,M3-S1662    ,205.636165603,28.35997202873,15.809,15.775,29524,5.366380296468205
1452,220116,1454875095841123584,M3-S661     ,205.63778230349,28.37537453122,16.722,15.965,29530,5.363193089283552
364,219318,1454780636623599360,M3-S802     ,205.51942924062,28.29274330139,17.771,17.167,28442,5.3619252430579705
378,219311,1454780881441171200,M3-S1611    ,205.57559266885,28.2921739716,16.434,15.718,28456,5.360219060959996
1629,220727,1454878806692943360,M3-S972     ,205.61218834718,28.43971733464,15.876,15.001,29707,5.355048791307389
596,219503,1454783694639968384,M3-S769     ,205.47930655479,28.32081106689,14.588,13.278,28674,5.354648566355786
1616,220615,1454878733675927168,M3-S511     ,205.62387216091,28.42468010743,19.151,18.699,29694,5.34663188632451
1441,219879,1454874924039759232,M3-S698     ,205.63477927844,28.35676435312,19.703,19.291,29519,5.325953845250294
1645,220812,1454879012849472896,M3-S518     ,205.59210730394,28.45437516345,19.209,18.776,29723,5.317048490508928
356,219449,1454780262965949312,M3-S952     ,205.60949440797,28.31332117081,15.4,14.609,28434,5.306157934617979
1469,220312,1454875336359426816,M3-S1004    ,205.63533366521,28.39315897942,16.106,15.579,29547,5.3014058574188585
1685,220856,1454879459527973888,M3-S503     ,205.5657487909,28.4638398446,19.121,18.685,29763,5.296865690222341
913,220767,1454785794883672064,M3-S565     ,205.49270866712,28.44545219951,17.74,17.04,28991,5.2824419687669035
1643,220783,1454879008553885568,M3-S467     ,205.60038196246,28.44807389471,18.632,17.987,29721,5.2693056087024885
352,219391,1454780159886692096,M3-S848     ,205.59313938618,28.30173229191,16.291,15.505,28430,5.267434203719544
627,219772,1454784008177227136,M3-S955     ,205.46535971959,28.34967359119,15.546,14.734,28705,5.251386294733845
1654,220839,1454879077273408128,M3-S489     ,205.57741731803,28.45982074738,18.974,18.481,29732,5.249415971747496
617,219577,1454783939457881856,M3-S548     ,205.47433489164,28.3313892195,17.033,16.29,28695,5.228509965010963
1692,220858,1454879528245535616,M3-S486     ,205.55527556737,28.46401367929,18.992,18.451,29770,5.220450049137167
1617,220610,1454878733675927296,M3-S494     ,205.62151415348,28.42407120069,19.015,18.468,29695,5.207584289999386
1626,220725,1454878802395436288,M3-S515     ,205.60861515204,28.4396549246,19.202,18.753,29704,5.201326386745149
1693,220853,1454879528247447808,M3-S455     ,205.553881073,28.46303157489,18.286,17.6,29771,5.155712452693257
1438,219666,1454874889682625152,M3-S867     ,205.62631928921,28.34128642294,17.335,16.651,29516,5.1489104463610875
1691,220851,1454879528245531264,M3-S470     ,205.55504314502,28.46244425562,18.585,18.116,29769,5.125482390121958
1686,220844,1454879493887701760,M3-S813     ,205.53257790009,28.46099049144,17.916,17.23,29764,5.111913399912491
1615,220823,1454878703613729536,M3-S442     ,205.57924522559,28.45634249899,17.836,17.161,29693,5.091803159162829
371,219338,1454780744002202368,M3-S810     ,205.53042232196,28.29445669916,15.928,15.072,28449,5.085145902556375
773,220274,1454784970249917824,M3-S683     ,205.4647043546,28.38958154996,14.211,12.724,28851,5.076667163706633
377,219357,1454780877141770240,M3-S833     ,205.57192998727,28.29622062577,17.449,16.763,28455,5.063887463434728
907,220671,1454785691804450176,M3-S685     ,205.48468459447,28.43238373862,14.875,13.735,28985,5.055136090333059
1471,220514,1454875400781292032,M3-S657     ,205.62458826701,28.41245551745,18.235,17.581,29549,5.03419034851943
1437,219733,1454874885385964544,M3-S696     ,205.62630166213,28.34658059968,19.778,19.356,29515,5.022987486439085
1439,219829,1454874919744853888,M3-S697     ,205.628211085,28.35314192639,19.143,18.716,29517,5.0019122869101755
1625,220724,1454878802395433472,M3-S448     ,205.60360774199,28.43955361843,18.043,17.359,29703,4.99281685154587
618,219595,1454783939457884928,M3-S1007    ,205.47752219836,28.33400716954,16.099,15.587,28696,4.983327565034915
1453,220189,1454875095841834624,M3-S691     ,205.63086407979,28.38176525116,14.943,13.862,29531,4.954209213822049
1689,220838,1454879493887703680,M3-S816     ,205.54252794584,28.4595467239,16.766,15.942,29767,4.94880954862331
355,219451,1454780262965938944,M3-S854     ,205.60015996297,28.31341593424,15.976,15.16,28433,4.931574223900087
370,219383,1454780709642465280,M3-S801     ,205.51928018928,28.30048771951,17.207,16.493,28448,4.927855581501928
1644,220772,1454879008554803200,M3-S525     ,205.59205280145,28.44653684934,19.257,18.825,29722,4.911613769117823
630,219787,1454784111256595328,M3-S763     ,205.47162497838,28.35022477784,15.94,15.059,28708,4.885003726801022
1611,220804,1454878699316252416,M3-S519     ,205.57971369425,28.45243209653,19.216,18.776,29689,4.884690688188707
1440,219831,1454874919744854144,M3-S695     ,205.62614980539,28.35337819179,19.566,19.126,29518,4.879478570848892
1688,220833,1454879493887703424,M3-S1033    ,205.54438261986,28.45834421847,15.811,15.707,29766,4.870049633929809
1467,220401,1454875332062785920,M3-S658     ,205.62544374466,28.40220028334,18.437,17.784,29545,4.857571059641643
1445,219849,1454874924042371712,M3-S694     ,205.62611409028,28.35493654675,18.409,17.763,29523,4.850764960752588
1473,220417,1454875405078816512,M3-S656     ,205.62454078992,28.40369582335,17.739,17.051,29551,4.834726085645226
1628,220714,1454878806692939392,M3-S687     ,205.60069682598,28.43800015185,15.53,14.605,29706,4.807713528144151
1682,220816,1454879455230506240,M3-S517     ,205.56555894216,28.45516626464,19.235,18.8,29760,4.785208965491517
1604,220762,1454878634894249472,M3-S532     ,205.5916031758,28.44430673175,19.287,18.843,29682,4.78426812912966
774,220266,1454784970249918464,M3-S1001    ,205.46971356074,28.38894210074,16.019,15.592,28852,4.7737338294778695
1557,220660,1454878428733875968,M3-S491     ,205.60652695497,28.43107674175,18.995,18.507,29635,4.751490616597481
910,220693,1454785726164191872,M3-S567     ,205.4944967111,28.43523284515,16.086,15.63,28988,4.749548497396275
1676,220824,1454879420870771712,M3-S533     ,205.55216477712,28.45634531074,19.287,18.852,29754,4.749427748205307
383,219498,1454781018880201856,M3-S856     ,205.6019992431,28.31924737771,16.394,15.619,28461,4.739088901386481
901,220462,1454785554365764352,M3-S549     ,205.47547705968,28.40757756339,15.835,15.758,28979,4.738941586928613
1687,220821,1454879493887702528,M3-S819     ,205.54527008931,28.45594087389,17.681,16.992,29765,4.723605245363442
1545,220584,1454878360016331264,M3-S426     ,205.61351394653,28.42084749328,16.524,15.726,29623,4.700007435898557
1600,220741,1454878630596749184,M3-S482     ,205.59337907632,28.44128914674,18.99,18.431,29678,4.693531653745809
1472,220477,1454875400782264192,M3-S654     ,205.61953083674,28.40910510063,16.893,17.024,29550,4.674746279679526
1542,220562,1454878360014356992,M3-S529     ,205.61454416116,28.41839973741,19.304,18.887,29620,4.672306457177774
1541,220548,1454878355719584128,M3-S462     ,205.61566398938,28.41636914889,18.468,17.833,29619,4.667093040616307
909,220700,1454785721865108992,M3-S782     ,205.49733719826,28.43589548879,17.607,16.899,28987,4.665041947805488
1554,220663,1454878424444776576,M3-S506     ,205.60396992366,28.43158623589,19.147,18.683,29632,4.661398237987816
1681,220808,1454879425168932096,M3-S530     ,205.56113289595,28.45366525359,19.263,18.832,29759,4.646373319577382
1612,220774,1454878703611801088,M3-S454     ,205.58258250554,28.44675185415,18.231,17.569,29690,4.645296508934654
361,219382,1454780567904138368,M3-S1594    ,205.55776326259,28.30045954598,18.48,17.854,28439,4.643043529426205
384,219469,1454781018880386560,M3-S851     ,205.59583010674,28.31614905993,16.045,15.616,28462,4.64165932297432
595,219466,1454783664579971456,M3-S787     ,205.50164132267,28.31587546984,16.18,15.382,28673,4.631292049000491
385,219603,1454781048940551808,M3-S861     ,205.61232482592,28.33485949053,18.17,17.564,28463,4.602271102879691
1474,220427,1454875405078903808,M3-S689     ,205.62002909184,28.40463093228,14.948,13.859,29552,4.599567492995778
1562,220704,1454878428735814528,M3-S418     ,205.59714802901,28.43611326615,16.002,15.475,29640,4.583825991161987
1553,220666,1454878424441979136,M3-S479     ,205.60196230412,28.43175628026,18.954,18.412,29631,4.58330832316734
631,219777,1454784111256599168,M3-S937     ,205.47749471664,28.3498818779,14.731,13.567,28709,4.561705397534548
889,220465,1454785382566789888,M3-S768     ,205.47920457522,28.40799435139,17.703,17.012,28967,4.54330245387463
1680,220800,1454879425168227456,M3-S828     ,205.56279026667,28.451617247,16.235,15.739,29758,4.543031005700558
1614,220790,1454878703613723520,M3-S1026    ,205.57199757099,28.44919561068,16.189,15.731,29692,4.541162559190198
1561,220677,1454878428735813504,M3-S439     ,205.5984771808,28.43347967923,17.738,17.053,29639,4.515917040047279
908,220633,1454785691804786688,M3-S564     ,205.4921883742,28.42698061943,16.916,16.171,28986,4.502797405521628
616,219622,1454783935158134272,M3-S560     ,205.48570386569,28.33674639304,16.027,15.21,28694,4.480173077565591
1599,220716,1454878630596738944,M3-S475     ,205.59131321112,28.43816794554,18.964,18.367,29677,4.469044718310832
1613,220784,1454878703613721984,M3-S975     ,205.57125516733,28.44810409864,16.0,15.176,29691,4.46510690554181
1543,220608,1454878360014365056,M3-S531     ,205.60623728434,28.42364993148,19.227,18.796,29621,4.447190001382538
381,219412,1454780950160663168,M3-S830     ,205.56814157963,28.30609414948,15.935,15.07,28459,4.431923749300328
1556,220617,1454878428733846784,M3-S501     ,205.60439419746,28.42513271332,19.069,18.605,29634,4.418757788978194
606,219552,1454783836373799936,M3-S568     ,205.49427666664,28.32852721214,17.401,16.686,28684,4.371200434551336
1544,220609,1454878360016330624,M3-S419     ,205.60421024958,28.42384223991,16.277,15.456,29622,4.360361392666716
1603,220738,1454878634894243968,M3-S485     ,205.58242689768,28.44117967712,18.99,18.452,29681,4.343392210561598
632,219800,1454784111256604672,M3-S554     ,205.48116205533,28.35099997256,16.385,15.549,28710,4.3323054925903355
1610,220776,1454878669253981952,M3-S447     ,205.56611483892,28.44714228312,17.966,17.296,29688,4.32433394459689
1602,220726,1454878634892301056,M3-S496     ,205.58364255428,28.43966237757,19.073,18.539,29680,4.2986327663078665
379,219476,1454780915800961152,M3-S843     ,205.58658297857,28.31664980888,17.496,16.836,28457,4.298435576177256
1560,220654,1454878428735809920,M3-S458     ,205.5969521602,28.42987223201,18.426,17.752,29638,4.294096202663008
1605,220775,1454878664956504576,M3-S524     ,205.56275939544,28.44703225136,19.233,18.803,29683,4.272879720535253
886,220341,1454785343908342144,M3-S771     ,205.47974570592,28.39609682507,17.905,17.284,28964,4.272149620145979
899,220680,1454785515707042432,M3-S1563    ,205.50552649697,28.43362630967,17.862,17.183,28977,4.248895740496477
608,219559,1454783836378674432,M3-S781     ,205.49649470647,28.32949492878,16.999,16.267,28686,4.233699255597322
1679,220779,1454879425168220800,M3-S436     ,205.5532504638,28.44736023373,17.598,16.92,29757,4.214986842806723
386,219599,1454781053239991552,M3-S858     ,205.60338195165,28.33425816443,16.53,15.757,28464,4.187929535762936
380,219483,1454780915801170432,M3-S1022    ,205.58396552404,28.31722839369,16.509,15.736,28458,4.186952782785521
1552,220625,1454878424441167360,M3-S421     ,205.598366491,28.42597694609,16.096,15.565,29630,4.185719852201949
372,219427,1454780778361957376,M3-S998     ,205.54024154743,28.30860197385,16.074,15.544,28450,4.149589282022976
382,219436,1454780950160666880,M3-S829     ,205.56424820026,28.31049925168,17.747,17.068,28460,4.11773414012415
888,220347,1454785348207045888,M3-S988     ,205.48260919253,28.39654145135,16.206,15.401,28966,4.114116914085202
605,219586,1454783832081713024,M3-S569     ,205.49657726288,28.3326410675,16.196,15.388,28683,4.1044653842888446
1608,220735,1454878669252021504,M3-S473     ,205.5718366464,28.44062758923,18.953,18.343,29686,4.052476502201248
609,219564,1454783836378677632,M3-S1014    ,205.50091065547,28.32992996852,16.219,15.607,28687,4.024251102500822
887,220313,1454785348207044224,M3-S557     ,205.48330354691,28.39322369999,15.458,14.678,28965,4.022206314534878
375,219490,1454780812721694720,M3-S800     ,205.51672602892,28.31823891931,17.839,17.155,28453,4.020335465977373
1555,220604,1454878428733814016,M3-S488     ,205.59701048533,28.42283470949,18.911,18.44,29633,3.996616573361343
1677,220757,1454879425166243968,M3-S457     ,205.55688179731,28.44333380487,18.345,17.714,29755,3.995824858201292
1458,220089,1454875198920305152,M3-S651     ,205.61482314269,28.3733107037,15.654,14.859,29536,3.99152907840094
1601,220668,1454878630597674368,M3-S459     ,205.58626482487,28.43188185374,18.412,17.762,29679,3.986377421371802
373,219445,1454780778361959552,M3-S611     ,205.53538935184,28.31237234433,16.316,15.515,28451,3.971940130935074
1466,220283,1454875301999686144,M3-S650     ,205.61310919921,28.39052742375,15.83,15.715,29544,3.9621738367817834
388,219686,1454781121959502208,M3-S859     ,205.60475011667,28.34310449918,17.766,17.102,28466,3.9533091262657
1673,220752,1454879317791178624,M3-S1029    ,205.53992746274,28.4425772455,15.778,15.628,29751,3.9509794200716746
768,220135,1454784897233598208,M3-S773     ,205.48258121808,28.3769083839,17.685,16.973,28846,3.9501488323624026
1678,220751,1454879425168216960,M3-S437     ,205.55345755021,28.44251105203,17.644,16.934,29756,3.9257146587572542
610,219620,1454783836378683904,M3-S783     ,205.49747978846,28.33643192636,15.804,15.684,28688,3.917415432672237
607,219598,1454783836373856896,M3-S570     ,205.49942348798,28.33422061443,16.707,15.933,28685,3.9134162646687805
1559,220643,1454878428735806080,M3-S474     ,205.5890463988,28.4281403923,18.936,18.359,29637,3.9059557522430737
1558,220616,1454878428735802752,M3-S431     ,205.59249816736,28.4247111347,17.098,16.362,29636,3.8853113916404265
389,219744,1454781121959510016,M3-S645     ,205.60506846905,28.34725268894,16.079,15.625,28467,3.847006812408458
601,219555,1454783767659203200,M3-S985     ,205.50658119619,28.32904631721,16.07,15.226,28679,3.8307777878592364
1674,220736,1454879322088996992,M3-S822     ,205.55023041169,28.44068875896,14.16,12.676,29752,3.806262701266867
1551,220614,1454878394376062976,M3-S443     ,205.59097335339,28.42431778749,17.753,17.098,29629,3.8060833483871166
1470,220354,1454875370719054592,M3-S993     ,205.60860052109,28.39713576635,16.264,15.455,29548,3.8025741080482907
611,219612,1454783836378686336,M3-S573     ,205.50181165785,28.33552218715,17.07,16.33,28689,3.7544033843132816
1547,220592,1454878390081428096,M3-S987     ,205.59217293262,28.421518196,16.133,15.278,29625,3.73350094053264
1675,220692,1454879356448708992,M3-S1575    ,205.52637200356,28.43514543255,17.462,16.755,29753,3.7154940120296014
873,220229,1454785279487810944,M3-S561     ,205.48703401883,28.38535583152,16.904,16.148,28951,3.714680938102013
1596,220656,1454878600532507136,M3-S500     ,205.58015519778,28.43029725605,19.049,18.559,29674,3.707652521255006
1592,220647,1454878596237934464,M3-S444     ,205.5819504261,28.42890925725,17.979,17.285,29670,3.6939967245943115
871,220303,1454785279487568512,M3-S958     ,205.48872785568,28.39231540256,15.519,14.589,28949,3.6932074469383904
1539,220507,1454878321358768256,M3-S962     ,205.59949119886,28.41161315494,15.634,14.745,29617,3.6926319758059596
872,220219,1454785279487809792,M3-S978     ,205.488022995,28.38458150996,16.085,15.23,28950,3.6499883982380834
1591,220712,1454878566174749568,M3-S1017    ,205.55211675167,28.43789642493,16.164,15.642,29669,3.643937001425928
1449,219867,1454874958402104448,M3-S688     ,205.60485830307,28.3560061174,15.543,14.817,29527,3.6190416522523594
1598,220678,1454878600534492800,M3-S990     ,205.56980106036,28.4335030019,14.714,14.985,29676,3.609329958113194
1607,220689,1454878669251972480,M3-S514     ,205.56646459103,28.4344111128,19.15,18.734,29685,3.5950258053318564
602,219547,1454783767659206144,M3-S1012    ,205.51451969345,28.32795125537,16.079,15.632,28680,3.5909830480978013
1457,220073,1454875198920293632,M3-S1010    ,205.6075313886,28.37181905164,16.04,15.62,29535,3.5620087213063334
374,219489,1454780778361973760,M3-S818     ,205.54484911362,28.31815754652,14.199,13.511,28452,3.55361743151946
1593,220637,1454878596239856000,M3-S440     ,205.57964184284,28.42737489382,17.796,17.094,29671,3.5419582175072604
633,219979,1454784145616383488,M3-S776     ,205.49123590787,28.36460692936,15.696,14.82,28711,3.51402007018582
666,220129,1454784523573545088,M3-S944     ,205.49003801346,28.37640230497,15.194,14.309,28744,3.503072344941439
1549,220568,1454878394374018176,M3-S465     ,205.5892846187,28.4188675344,18.533,17.894,29627,3.4985796498067354
604,219550,1454783802018946944,M3-S585     ,205.51680967212,28.3283625465,16.723,16.005,28682,3.4942383152477174
1609,220685,1454878669253965184,M3-S468     ,205.56011147896,28.43424399575,18.678,18.044,29687,3.4893097022740385
1540,220490,1454878325656664704,M3-S1018    ,205.59601279895,28.41037398762,16.412,15.65,29618,3.4783785152421007
387,219625,1454781087599719936,M3-S963     ,205.59009946982,28.33698642466,15.511,14.792,28465,3.4783662289733828
1672,220683,1454879287729934976,M3-S992     ,205.53621040185,28.4338776656,16.232,15.427,29750,3.474104647419813
898,220484,1454785485646317440,M3-S785     ,205.50101528919,28.40995916684,16.135,15.614,28976,3.454536885422078
1589,220690,1454878566172708352,M3-S497     ,205.55317277511,28.43445190642,19.022,18.52,29667,3.44234638014524
1606,220658,1454878664957411712,M3-S434     ,205.56645176411,28.43068722619,17.414,16.749,29684,3.3823937936490855
1459,220105,1454875198920466048,M3-S939     ,205.6045279026,28.37467098766,15.036,14.027,29537,3.3703431411879508
1671,220665,1454879287729232768,M3-S966     ,205.53495271603,28.43172065311,15.535,14.783,29749,3.365016636688042
879,220334,1454785313845228160,M3-S1191    ,205.49603757858,28.39544366095,18.685,18.042,28957,3.3263637446745165
1590,220672,1454878566174742016,M3-S957     ,205.55157897472,28.432493959,15.505,14.7,29668,3.318448597316668
1670,220641,1454879287729214592,M3-S806     ,205.52652442257,28.42804017279,16.484,15.684,29748,3.316942439460379
1548,220579,1454878394374004224,M3-S472     ,205.5832089901,28.42011806117,18.878,18.262,29626,3.3113850963261102
612,219691,1454783870738442752,M3-S931     ,205.50549587707,28.34352130148,14.802,13.524,28690,3.2762330328659743
1595,220630,1454878600532448512,M3-S528     ,205.57178040346,28.42660648982,19.253,18.827,29673,3.274974518037376
878,220324,1454785313845227648,M3-S1193    ,205.49716873169,28.39456848886,18.619,17.979,28956,3.2451504042855777
885,220311,1454785313849298048,M3-S1192    ,205.4970834891,28.39305318197,19.43,19.017,28963,3.2221254684231395
1546,220537,1454878390081426688,M3-S991     ,205.58593369325,28.41526806831,15.989,15.418,29624,3.2036283931337404
1597,220627,1454878600534482560,M3-S425     ,205.5700363795,28.42602795601,15.823,15.722,29675,3.199804287422566
1575,220640,1454878497453215744,M3-S502     ,205.56460935672,28.4280089177,19.064,18.591,29653,3.1952195842183566
628,219773,1454784076896883840,M3-S789     ,205.5028947629,28.34971778658,15.178,14.177,28706,3.192819408797362
890,220433,1454785412629778304,M3-S790     ,205.50320003529,28.40503676414,15.617,14.934,28968,3.1834441554942816
896,220572,1454785446989518080,M3-S798     ,205.51619090935,28.41911937078,14.59,13.33,28974,3.1687956159415553
401,219868,1454781328117947648,M3-S852     ,205.59636103312,28.35614635362,15.684,14.794,28479,3.1436967891842613
1594,220597,1454878600532420864,M3-S487     ,205.57534861565,28.42219319503,18.966,18.478,29672,3.1423222785393965
663,220072,1454784519276480256,M3-S996     ,205.49640606244,28.37179517587,16.258,15.447,28741,3.1378818337908774
877,220314,1454785313845225600,M3-S1194    ,205.49871021907,28.39324788517,19.179,18.734,28955,3.1325136538420835
613,219745,1454783870738450304,M3-S1013    ,205.50605351726,28.34729089843,16.323,15.502,28691,3.114078745399396
664,220196,1454784519276480640,M3-S924     ,205.49705060323,28.38226289325,14.51,13.269,28742,3.096408761875924
1669,220639,1454879283434613120,M3-S942     ,205.53818084399,28.42783274968,15.21,14.144,29747,3.0948848248878718
874,220345,1454785309550465408,M3-S973     ,205.50055966234,28.39634236018,15.805,14.94,28952,3.09085445255414
391,219582,1454781190678892288,M3-S1003    ,205.57221293449,28.33172167672,16.272,15.481,28469,3.083779118704982
603,219571,1454783797722000512,M3-S1031    ,205.52676205039,28.33077242427,16.477,15.696,28681,3.077929295994812
882,220365,1454785313845266304,M3-S1196    ,205.50231140678,28.3983953921,19.154,18.707,28960,3.042668566100862
1455,220006,1454875160266002304,M3-S994     ,205.59797283014,28.36666043917,15.576,15.421,29533,3.0408759919761104
1456,220078,1454875164560548864,M3-S997     ,205.59873582522,28.37205374188,16.074,15.511,29534,3.035411347413946
1550,220525,1454878394376041216,M3-S841     ,205.5827684164,28.41429680083,14.876,13.855,29628,3.030180687292858
897,220532,1454785451286616832,M3-S1572    ,205.51505118807,28.41498803139,16.636,15.859,28975,3.0211251594461297
376,219565,1454780842784505088,M3-S603     ,205.53074312011,28.33017533938,15.513,14.764,28454,3.018481343385319
884,220277,1454785313847584640,M3-S571     ,205.49989817937,28.39000270844,15.587,14.679,28962,3.0095383809388294
392,219591,1454781190678898304,M3-S834     ,205.57254820665,28.33331438277,15.78,15.731,28470,3.009031472323719
1534,220395,1454878222577332608,M3-S932     ,205.59227927526,28.40158871359,14.7,13.547,29612,3.0090142577234937
1574,220586,1454878493160638080,M3-S1035    ,205.57204831441,28.42107282241,16.589,15.795,29652,2.9859030864699103
876,220293,1454785313845220608,M3-S1195    ,205.50097024739,28.3913630422,20.333,19.856,28954,2.9695551337065536
1587,220619,1454878561880110720,M3-S923     ,205.55954372485,28.42543378777,14.353,13.021,29665,2.965543607364885
629,219926,1454784076896908032,M3-S936     ,205.50244062146,28.3603012636,14.49,13.237,28707,2.9405577378423153
881,220322,1454785313845241728,M3-S1199    ,205.50275119866,28.39447024451,19.178,18.729,28959,2.9276567861562834
1577,220566,1454878497455257600,M3-S970     ,205.57413942814,28.41857319726,15.756,14.866,29655,2.91915302584113
880,220315,1454785313845235840,M3-S1198    ,205.50271687135,28.39340051121,19.674,19.254,28958,2.907603945380073
1538,220540,1454878291296824704,M3-S838     ,205.57811163267,28.41544029342,15.69,14.816,29616,2.901338179460383
667,220233,1454784553636221568,M3-S1040    ,205.50129582584,28.38566591952,16.629,15.83,28745,2.871665931283511
671,220253,1454784557932604288,M3-S1197    ,205.50243645857,28.38766959561,21.466,20.941,28749,2.828364789954436
390,219574,1454781152022189568,M3-S925     ,205.55543693304,28.3308122762,14.367,13.066,28468,2.819530211014692
397,219639,1454781293758137984,M3-S960     ,205.57507263025,28.3387646495,15.516,14.604,28475,2.810266442590427
393,219578,1454781225038594048,M3-S815     ,205.53978019953,28.33144196404,14.555,13.295,28471,2.7984887450845153
891,220389,1454785416924012800,M3-S1208    ,205.50881210764,28.40102939248,18.99,18.432,28969,2.7708338057179045
1537,220512,1454878287002210176,M3-S929     ,205.57839165529,28.41224077755,14.569,13.311,29615,2.763262626366063
894,220388,1454785416926835200,M3-S1209    ,205.50931392511,28.4009220169,18.835,18.215,28972,2.741717108976639
1588,220600,1454878566172576768,M3-S476     ,205.55380271276,28.42263296975,18.835,18.38,29666,2.7404836067303977
398,219697,1454781293758299776,M3-S995     ,205.57925348282,28.34367694219,16.23,15.426,28476,2.7363646016993957
1585,220598,1454878531814982272,M3-S821     ,205.54988174438,28.42250460996,15.479,14.564,29663,2.7150812867045855
895,220416,1454785416926838016,M3-S977     ,205.51179581682,28.40367816104,15.829,14.972,28973,2.708692089076549
1533,220381,1454878222577321856,M3-S686     ,205.58717782497,28.40030600717,15.117,14.207,29611,2.7052044814522826
1464,220132,1454875233280030208,M3-S976     ,205.59348038832,28.37672188759,15.999,15.173,29542,2.7040684310852767
1465,220184,1454875263345215616,M3-S1011    ,205.5933195432,28.38107639207,16.382,15.581,29543,2.7038396511737566
883,220350,1454785313846136576,M3-S1205    ,205.50814560453,28.39682505714,21.082,20.634,28961,2.685850450291839
875,220339,1454785313844752768,M3-S1204    ,205.50778881709,28.39576663335,19.618,19.201,28953,2.6782016946892817
893,220377,1454785416924505088,M3-S1210    ,205.51024906337,28.39958391084,19.409,19.044,28971,2.6524569671520655
669,220243,1454784557930415488,M3-S1200    ,205.50537457168,28.38650849051,17.968,17.3,28747,2.6412167438333847
641,219860,1454784244398583040,M3-S947     ,205.51091450552,28.35551490201,15.267,14.238,28719,2.601504101434077
672,220235,1454784557933336320,M3-S948     ,205.50619071325,28.38575121244,14.994,14.082,28750,2.5840343696158334
892,220418,1454785416924046080,M3-S1220    ,205.51465531786,28.40371683889,19.104,18.646,28970,2.5729079775066097
645,219843,1454784248695596032,M3-S1037    ,205.51216888924,28.35446574582,16.444,15.649,28723,2.5696581252307444
1535,220511,1454878287002208256,M3-S1016    ,205.57278267543,28.41213655366,16.075,15.637,29613,2.551886374897666
681,220379,1454784661010263808,M3-S1216    ,205.51231296758,28.3997329998,21.715,21.171,28759,2.551023942846913
635,219638,1454784179976100992,M3-S811     ,205.53051615556,28.33874809636,16.247,15.442,28713,2.549033355614446
665,220178,1454784519276486784,M3-S1202    ,205.50630516211,28.37984846539,18.433,17.764,28743,2.5313566258781672
1536,220472,1454878287002209664,M3-S1024    ,205.57611704667,28.4089469009,16.198,15.729,29614,2.524517814289143
1583,220567,1454878531812761472,M3-S1284    ,205.55246917407,28.4188516789,20.393,19.959,29661,2.506307188763613
1460,220123,1454875228985476096,M3-S951     ,205.58922839165,28.376070332,15.405,14.478,29538,2.449813563412719
674,220242,1454784557933448192,M3-S1207    ,205.50875750283,28.38630382326,18.439,17.759,28752,2.440370416436675
685,220383,1454784661010277632,M3-S1223    ,205.51499221325,28.4003541306,19.497,19.09,28763,2.4369925151263487
704,220494,1454784695372372864,M3-S928     ,205.52537725568,28.41063864072,14.463,13.294,28782,2.432615489743466
684,220374,1454784661010271872,M3-S1224    ,205.51513143877,28.39928888109,20.319,19.897,28762,2.3942818821975718
1532,220258,1454878222577288576,M3-S938     ,205.58668941657,28.38829449707,14.891,13.822,29610,2.3896574581859076
1570,220557,1454878463093249152,M3-S1283    ,205.55237014294,28.41688085233,19.164,18.707,29648,2.3880455014004047
399,219910,1454781323820908288,M3-S968     ,205.58394392331,28.35945839988,15.646,14.767,28477,2.384753455148703
1572,220552,1454878463095493632,M3-S824     ,205.55353522301,28.41657937898,16.119,15.592,29650,2.3780623153670137
1581,220549,1454878531812626688,M3-S1270    ,205.5461851716,28.41639530076,17.469,16.774,29659,2.3509115208618168
1578,220545,1454878527520370688,M3-S1281    ,205.55134110848,28.41622286267,17.692,17.009,29656,2.3433333786358683
646,219832,1454784248695599744,M3-S1008    ,205.51737980247,28.35359432114,16.223,15.416,28724,2.3423948015620946
680,220336,1454784661009731840,M3-S941     ,205.51419963141,28.39558035533,14.998,14.095,28758,2.328257224827535
682,220358,1454784661010265088,M3-S1226    ,205.5155862093,28.39788952827,19.369,18.93,28760,2.3258584059896314
636,219706,1454784179976111488,M3-S1028    ,205.52740914027,28.34470722198,16.118,15.702,28714,2.3253995238573446
1586,220543,1454878531815091840,M3-S1278    ,205.55057677825,28.41596846263,19.014,18.489,29664,2.32510508905297
396,219688,1454781289461157248,M3-S946     ,205.56641925573,28.34342000961,15.252,14.327,28474,2.300757886987438
673,220316,1454784557933355648,M3-S956     ,205.51379727622,28.39352943632,15.321,14.479,28751,2.2946354396657123
1582,220536,1454878531812626816,M3-S1271    ,205.54711177746,28.41521805339,21.299,20.757,29660,2.27780778460256
400,219895,1454781328115056128,M3-S965     ,205.58102005323,28.35800118552,15.513,14.74,28478,2.2725520278331848
693,220368,1454784661012674176,M3-S1229    ,205.5173000137,28.39883458349,19.697,19.287,28771,2.2712468896311666
407,220017,1454781392540385280,M3-S959     ,205.58500022093,28.36768335819,15.523,14.622,28485,2.269272011734132
1584,220531,1454878531814963968,M3-S1275    ,205.55024193128,28.41494070265,17.961,17.279,29662,2.262476227598635
688,220411,1454784661010305408,M3-S1235    ,205.52093563875,28.4030954965,19.537,19.12,28766,2.262377965200902
687,220402,1454784661010301312,M3-S1234    ,205.52036740184,28.40221457018,20.243,19.854,28765,2.2518842232245118
1579,220519,1454878531812549376,M3-S1266    ,205.53901685476,28.41351055463,19.798,19.382,29657,2.245967917073681
695,220443,1454784695369655680,M3-S1241    ,205.52437698841,28.405736564,18.975,18.486,28773,2.235208066524953
694,220466,1454784691075276672,M3-S1248    ,205.52799065908,28.40814311981,17.92,17.25,28772,2.220739258392693
702,220502,1454784695370231296,M3-S1260    ,205.53366228342,28.41117668152,19.463,19.022,28780,2.21826464072483
689,220424,1454784661010312064,M3-S1238    ,205.52327037851,28.4042983532,19.944,19.525,28767,2.2146875427380146
1580,220524,1454878531812612480,M3-S1269    ,205.54503234227,28.41401671092,19.2,18.762,29658,2.2137117683267435
406,219925,1454781392540383872,M3-S1009    ,205.58112912178,28.36022337808,15.585,15.501,28484,2.2134831568958293
668,220216,1454784553636229376,M3-S1215    ,205.51225686769,28.38413548774,17.075,16.408,28746,2.2082296376436936
1571,220520,1454878463095487744,M3-S1285    ,205.55338617563,28.41362494575,18.179,17.512,29649,2.201170802490693
1569,220521,1454878463093185408,M3-S1280    ,205.55133775075,28.41369008488,19.092,18.648,29647,2.191806962422451
654,220136,1454784484916752256,M3-S1214    ,205.51197100878,28.37699847857,17.628,16.916,28732,2.1867633281104113
1576,220488,1454878497455226880,M3-S1000    ,205.56368103027,28.41019183795,16.275,15.446,29654,2.1769399952932753
700,220482,1454784695369714176,M3-S1256    ,205.53211115797,28.40958767785,19.014,18.483,28778,2.1714925733923987
705,220498,1454784695372376320,M3-S1261    ,205.53484251499,28.41082064629,19.463,19.048,28783,2.1711509681003083
395,219674,1454781259398373760,M3-S1005    ,205.55358496904,28.34192076418,16.248,15.459,28473,2.1439248933359045
701,220486,1454784695369727488,M3-S1262    ,205.53518269857,28.41014649921,19.679,19.279,28779,2.1260026533833827
1529,220249,1454878183922973184,M3-S922     ,205.58230140209,28.38727082438,14.211,12.811,29607,2.1197049799299092
698,220464,1454784695369699328,M3-S1253    ,205.5307593743,28.40782839616,19.161,18.729,28776,2.1171960840617587
706,220496,1454784695372376960,M3-S1264    ,205.53758979241,28.41077467177,19.137,18.663,28784,2.112222248072844
670,220239,1454784557930455296,M3-S1219    ,205.51432572206,28.38589204815,19.31,18.886,28748,2.109719881110821
683,220355,1454784661010267904,M3-S1232    ,205.51953230103,28.3972077624,18.996,18.422,28761,2.1055669264413934
686,220376,1454784661010287616,M3-S1236    ,205.52140248418,28.39948140462,19.304,18.861,28764,2.0980839443056825
697,220439,1454784695369668480,M3-S1249    ,205.5283753713,28.405427884,19.068,18.613,28775,2.0733443146816075
644,219931,1454784248691311872,M3-S1231    ,205.51844192743,28.36048618211,18.509,17.855,28722,2.061396548617217
1568,220504,1454878463093137408,M3-S1279    ,205.55130851666,28.41141008695,20.847,20.398,29646,2.055325618609448
690,220386,1454784661012597760,M3-S971     ,205.52358080546,28.40085756441,15.562,14.708,28768,2.054796257696207
1530,220231,1454878188217536640,M3-S839     ,205.58134056727,28.3854510963,14.562,13.357,29608,2.035444602256523
1463,220162,1454875233280023680,M3-S840     ,205.58224873543,28.37888972812,15.039,14.014,29541,2.0322690676174298
1573,220491,1454878463095755648,M3-S1287    ,205.55517715613,28.41038841036,21.217,20.733,29651,2.027679319239699
658,220182,1454784489213843200,M3-S1225    ,205.51535663704,28.38097309324,17.52,16.835,28736,1.9959201648411282
1567,220493,1454878463093113856,M3-S1277    ,205.55053248803,28.4104448541,20.033,19.629,29645,1.9941188133729875
1566,220492,1454878463093085568,M3-S1272    ,205.54747130473,28.41043470913,19.273,18.838,29644,1.9902698425215262
691,220387,1454784661012598784,M3-S1021    ,205.52551183105,28.40086615854,16.299,15.509,28769,1.9727589009543154
642,219825,1454784248691193856,M3-S1247    ,205.52642691533,28.35290488376,18.132,17.481,28720,1.9695358896717394
637,219752,1454784179976126720,M3-S984     ,205.53490548929,28.34746759415,16.052,15.228,28715,1.9636915430867794
394,219708,1454781255101399936,M3-S930     ,205.55279275576,28.34501387808,14.585,13.453,28472,1.95351838927282
692,220332,1454784661012672640,M3-S1237    ,205.52142386238,28.39531140751,19.033,18.491,28770,1.9477513319521698
657,220147,1454784489210862848,M3-S1228    ,205.51604764362,28.3777154541,19.229,18.8,28735,1.9422795504939137
634,219802,1454784179974118016,M3-S1251    ,205.52935914596,28.3511385413,19.664,19.231,28712,1.9408703596090175
403,219804,1454781362477639680,M3-S1038    ,205.56740831534,28.3513481707,16.57,15.804,28481,1.9284304579198905
1461,220101,1454875233280016000,M3-S1299    ,205.58038651943,28.37412358178,19.037,18.509,29539,1.927539720145061
696,220423,1454784695369667840,M3-S1254    ,205.53109232982,28.40418231461,19.465,19.062,28774,1.9200051588383078
1565,220473,1454878463093083008,M3-S1282    ,205.55234355529,28.40901390923,19.103,18.657,29643,1.9187406163694838
410,220069,1454781396834595968,M3-S1298    ,205.57941485246,28.37157467683,19.089,18.636,28488,1.8911380796060877
699,220450,1454784695369705984,M3-S1263    ,205.53581996759,28.40609458976,19.245,18.809,28777,1.8870105043107837
1462,220128,1454875233280017792,M3-S1297    ,205.57905027866,28.37638644007,17.818,17.105,29540,1.8388332315966782
643,219869,1454784248691262720,M3-S1246    ,205.5263061285,28.35624653551,17.265,16.558,28721,1.8308622766010518
655,220026,1454784484916760320,M3-S926     ,205.5198440214,28.36812059376,14.462,13.167,28733,1.8001977254916628
659,220227,1454784489213851264,M3-S961     ,205.51984567444,28.38509837177,15.473,14.604,28737,1.777294149061302
1564,220456,1454878463093035136,M3-S1276    ,205.55036106904,28.40683125231,18.595,18.165,29642,1.777091343579338
1531,220157,1454878188217703424,M3-S1296    ,205.57768175602,28.37861762577,18.278,17.602,29609,1.7577867647586154
402,219823,1454781358180629376,M3-S954     ,205.56289245685,28.35289056566,15.382,14.464,28480,1.701575016828623
409,220047,1454781396834595712,M3-S979     ,205.57570871512,28.37004727681,16.072,15.256,28487,1.6940425926430125
703,220380,1454784695372360832,M3-S920     ,205.53271120985,28.39978133519,14.15,12.656,28781,1.6465442385794122
656,220175,1454784484916762112,M3-S989     ,205.52122149467,28.37977082041,16.031,15.205,28734,1.6385166881584392
660,220133,1454784489214936704,M3-S969     ,205.52153719465,28.37676698155,15.631,14.733,28738,1.6130186189585112
647,219885,1454784278758343296,M3-S934     ,205.53174473246,28.3570618142,14.665,13.525,28725,1.5721659053509252
679,220403,1454784626652863616,M3-S940     ,205.54128085772,28.40238782485,14.986,13.969,28757,1.5662916739902308
649,219876,1454784283057743744,M3-S1258    ,205.53336029053,28.35665388266,17.729,17.064,28727,1.5320425853324806
408,220085,1454781396833947648,M3-S1294    ,205.57353532314,28.3727730555,18.124,17.475,28486,1.531194723035902
648,219900,1454784278758344960,M3-S1257    ,205.53297692736,28.35833857695,17.217,16.511,28726,1.4660504062866662
678,220349,1454784626652859520,M3-S974     ,205.5337797761,28.39662641207,15.889,15.033,28756,1.4556880404193404
404,219872,1454781362477641344,M3-S953     ,205.55982401371,28.35634597566,15.424,14.508,28482,1.4302803935680055
638,219853,1454784210038883072,M3-S967     ,205.54255623817,28.3550895018,15.653,14.762,28716,1.3768946169864102
662,220151,1454784489215274752,M3-S1245    ,205.52601693273,28.37824483342,16.864,16.145,28740,1.3451980143993485
1563,220367,1454878458800871680,M3-S964     ,205.5546484669,28.39868040085,15.644,14.73,29641,1.3375414617048969
405,219949,1454781362477670016,M3-S945     ,205.56438093185,28.36184145292,15.225,14.267,28483,1.332398808721193
676,220346,1454784622355734656,M3-S919     ,205.53731454611,28.39641993841,14.185,12.793,28754,1.3277423432230533
411,220003,1454781396839704448,M3-S927     ,205.56746893724,28.36650232633,14.544,13.408,28489,1.3133121626626412
675,220302,1454784592293115264,M3-S982     ,205.53265481194,28.39203938643,16.092,15.26,28753,1.2956987179960133
661,220177,1454784489215096192,M3-S981     ,205.52821568648,28.37982481109,15.091,15.007,28739,1.2216212291724897
651,219944,1454784317415166464,M3-S949     ,205.55956158241,28.36164823002,15.336,14.391,28729,1.1517538148600897
650,219922,1454784317412183168,M3-S1288    ,205.55551799138,28.35999949137,18.441,17.781,28728,1.1208131466376092
677,220329,1454784622355745024,M3-S933     ,205.54330978791,28.39520728005,14.695,13.64,28755,1.1185910961946626
640,219909,1454784214337025536,M3-S1268    ,205.54357391198,28.3594453356,17.317,16.625,28718,1.108643611808543
652,219920,1454784317416456960,M3-S935     ,205.55186575651,28.359898386,14.712,13.589,28730,1.0630622560985838
653,220064,1454784351775986816,M3-S983     ,205.56500065327,28.37128802194,16.122,15.319,28731,1.0579730130025
639,219924,1454784214331804928,M3-S1274    ,205.54894493024,28.36003187603,18.425,17.811,28717,1.035194013014933
